customer_id,customer_name,customer_city,customer_state,customer_source
1,Hudson Borer,Wood River,NE,Twitter
3,Lina Heaney,Sandstone,MN,Facebook
4,Arnold Adams,Rye,CO,Google
5,Dominique Leffler,Beaver Dams,NY,Twitter
6,Rene Muller,Morse,LA,Google
7,Roselyn Bosco,Leakesville,MS,Facebook
8,Aracely Jenkins,Pittsburg,KS,Facebook
9,Anais Ward,Ida Grove,IA,Twitter
10,Tressa White,Upper Sandusky,OH,Google
12,Ciara Larson,Florence,SD,Facebook
15,Bertrand Romaguera,El Paso,AR,Twitter
16,Khalid Pouros,Greensboro,AL,Google
17,Lora Cronin,Gold Beach,OR,Organic
18,Arely Pollich,Portland,OR,Affiliate
19,Wyman Kertzmann,Grants Pass,OR,Affiliate
20,John Aufderhar,Marne,IA,Affiliate
21,Angela Botsford,Phillips,NE,Twitter
22,Jeromy Smith,Napa,CA,Twitter
23,Candida Kiehn,Girard,GA,Facebook
24,Nya Weber,Cohasset,MN,Facebook
29,Broderick Lockman,Lancaster,OH,Facebook
30,Desiree Walsh,DeWitt,AR,Affiliate
32,Jayden Hamill,Pueblo,CO,Google
33,Alphonso Quigley,Steamboat Springs,CO,Affiliate
34,Emilie Goyette,Amissville,VA,Organic
35,Chelsey Schuppe,Sharon,WI,Twitter
36,Kaley Ziemann,Hoisington,KS,Organic
37,Jaleel Collins,Tucson,AZ,Facebook
38,Cecilia Stark,Hurricane,WV,Facebook
39,Andreanne Hills,Edgerton,MN,Organic
40,Elyssa Wolf,Dale,TX,Google
41,Bernadine Gorczany,Waukee,IA,Google
42,Reyes Strosin,Watertown,NY,Google
44,Carroll Kohler,Mallard,IA,Facebook
45,Gilbert Abbott,Columbus Junction,IA,Organic
46,Kaleb Swaniawski,Kalkaska,MI,Twitter
47,Bradley Green,Flagstaff,AZ,Organic
48,Logan Weber,Morrowville,KS,Organic
49,Zane Koelpin,Reeds,MO,Twitter
50,Stacy Wisozk,Fordville,ND,Twitter
51,Alvah Wilderman,Carrollton,MS,Twitter
52,Velma Little,Auburn,GA,Google
53,Nikolas Romaguera,Pontotoc,MS,Facebook
54,Davin Stamm,Waterbury,NE,Affiliate
56,Seth Willms,Haxtun,CO,Google
57,Jordy Haag,Kendrick,ID,Twitter
58,Dawson Kovacek,Owensboro,KY,Facebook
59,Hugh Hahn,Fort Garland,CO,Organic
60,Edgardo Hackett,Fort Gay,WV,Twitter
61,Lina Labadie,Catawba,NC,Google
63,Delilah Stoltenberg,Spencer,IA,Organic
64,Terrence Grimes,DeRuyter,NY,Affiliate
65,Arne O'Hara,Howes,SD,Facebook
66,Gladys Dare,Glenfield,NY,Twitter
68,Colton Hauck,Rockport,IN,Affiliate
69,Anibal Hansen,Moville,IA,Facebook
70,Maya Berge,Ainsworth,NE,Twitter
72,Eula O'Connell,Grand Ridge,FL,Facebook
73,Stan Hessel,Shelburne Falls,MA,Organic
74,Jarret Marvin,Rushville,IN,Twitter
75,Isobel Fadel,Winner,SD,Affiliate
76,Amiya Considine,Noxapater,MS,Google
77,Felipe Wilkinson,London,KY,Organic
80,Wilhelm Willms,Commerce,TX,Twitter
81,Curt Baumbach,Arlington,WA,Facebook
83,Theresa Kertzmann,Chinook,MT,Facebook
84,Dorris Frami,Peru,IN,Google
85,Vernice Steuber,Gill,MA,Google
86,Oda Brakus,Cottonwood,CA,Twitter
87,Heber Vandervort,Klamath Falls,OR,Google
88,Breanne Schiller,Hoopa,CA,Google
91,Myrtis Labadie,Pecos,TX,Google
92,Tatyana Steuber,Avon,SD,Twitter
95,Aurelie Spinka,Cheney,WA,Organic
97,Quentin Leannon,Fresno,CA,Facebook
98,Lucas Beer,South Webster,OH,Google
99,Alicia Cormier,Craigmont,ID,Organic
100,Nels Heaney,Glenfield,NY,Organic
101,Beryl Reichel,Rich Hill,MO,Twitter
105,Carleton Effertz,Elk Creek,CA,Facebook
107,Verla O'Kon,Pocahontas,IA,Affiliate
108,Archibald Von,Windom,TX,Facebook
111,Augustine Runolfsdottir,Bell City,LA,Google
112,Theresa Grant,Maxwell,CA,Google
113,Kathleen Quitzon,Redstone,MT,Google
115,Edwin Spencer,Angleton,TX,Facebook
116,Jimmie Doyle,Forsyth,MT,Facebook
117,Hollis Hettinger,Conneaut Lake,PA,Organic
118,Diego Will,Huntington,TX,Affiliate
119,Makayla Heathcote,Gainesville,GA,Facebook
120,Ashton Schmidt,Gardner,MA,Affiliate
122,Brant Dare,Maricopa,CA,Twitter
124,Franco O'Reilly,Larimore,ND,Affiliate
125,Geoffrey D'Amore,Ishpeming,MI,Facebook
128,Jakob Kerluke,Del Norte,CO,Organic
129,Grace Casper,Mammoth Cave,KY,Affiliate
130,Myrna Hickle,Douglas,WY,Google
132,Kenna Bailey,Grant Town,WV,Google
134,Orie Bartoletti,Moses Lake,WA,Twitter
135,Rhett Mante,North Ridgeville,OH,Affiliate
136,Aliyah Stracke,North Zulch,TX,Twitter
138,Unique Runolfsson,Tracy,MN,Twitter
139,Norene Flatley,Yoakum,TX,Google
140,Walker Conroy,Baton Rouge,LA,Affiliate
141,Alvina Mertz,Waskish,MN,Facebook
142,Sheridan VonRueden,Centuria,WI,Organic
145,Aryanna Hegmann,Lincoln,MI,Facebook
147,Eileen Mayert,Tehachapi,CA,Facebook
148,Madie Bayer,Greenwood,MS,Organic
149,Madonna Kertzmann,Dillwyn,VA,Facebook
150,Henderson Hansen,Folly Beach,SC,Facebook
151,Khalid McKenzie,Douglas,WY,Twitter
152,Ethan Kling,Fairmount,ND,Facebook
153,Lewis Hoppe,River Falls,WI,Google
154,Monserrate Schuppe,Bellvue,CO,Organic
155,Trisha Hoeger,Uniontown,KY,Affiliate
156,Lolita Zemlak,Jacksonville,IL,Twitter
158,Maye Toy,Essex,MO,Affiliate
159,Mattie Bayer,Mechanicsville,IA,Organic
161,Rupert Ruecker,La Fayette,AL,Organic
164,Sabryna Schumm,Grand Rapids,MN,Facebook
167,Grady Sipes,Lenoir,NC,Organic
169,Arnaldo Bartell,East Hampton,NY,Organic
170,Mohammed Beatty,Ekalaka,MT,Google
172,Maryam Weimann,Andrews,TX,Facebook
173,Howard Gaylord,Wakeman,OH,Google
174,Quentin Cummings,Needles,CA,Facebook
176,Rebeca Parisian,Three Rivers,MI,Google
177,Nikko Haag,Shannon,IL,Google
179,Van Windler,Ferriday,LA,Google
181,Evalyn Moen,Kerman,CA,Twitter
183,Rodolfo Larkin,Priest River,ID,Google
184,Jesse Daugherty,Austin,PA,Organic
186,Caitlyn Dach,Brooklet,GA,Organic
187,Bethel Schultz,Stanton,TN,Google
190,Oswald Corwin,Ulster,PA,Facebook
194,Destany Friesen,Mansfield,MO,Google
197,Aletha Kertzmann,Klamath Falls,OR,Affiliate
198,Tamara Sawayn,Garber,IA,Organic
199,Adan Weissnat,Ashley,OH,Affiliate
200,Thalia Hirthe,Wabasso,MN,Organic
201,Ford Larkin,Iliamna,AK,Facebook
203,Jessika Treutel,Beaumont,TX,Affiliate
204,Enos Donnelly,Fredericksburg,TX,Twitter
205,Lowell Daniel,Big Sandy,TN,Facebook
208,Alisha Deckow,Royalton,IL,Affiliate
210,Earnestine Prohaska,Damon,TX,Twitter
211,Quinn Stokes,Orient,SD,Organic
213,Connie Davis,Ellijay,GA,Google
215,Benton McCullough,Graham,TX,Organic
216,Josh Kilback,Cody,WY,Organic
217,Annabelle Schmeler,Slayton,MN,Facebook
218,Stan Jacobson,St. Louis,MI,Affiliate
221,Seth Goldner,Iowa City,IA,Twitter
222,Theodora Dibbert,Chandler,MN,Twitter
223,Frederik Bosco,Fairbanks,AK,Twitter
224,Pamela Murray,Danville,OH,Organic
225,Gunnar Doyle,Croswell,MI,Facebook
226,Breana Thiel,Elbow Lake,MN,Google
228,Estefania Leuschke,Galivants Ferry,SC,Twitter
229,Jewell Walker,Berea,KY,Organic
232,Magnolia Hansen,Von Ormy,TX,Twitter
233,Ulices Feil,Shubuta,MS,Affiliate
234,Bertrand Streich,Talkeetna,AK,Google
235,Jerrod King,Ostrander,OH,Google
236,Doris Spencer,Piedmont,SC,Twitter
239,Glenna Runolfsson,Sandy Level,VA,Facebook
240,Anais Douglas,Elkton,MD,Twitter
242,Jaylin Hudson,Woodstock,MN,Facebook
243,Paige Miller,Imperial,MO,Google
244,Jessika Funk,Bethune,SC,Twitter
245,Adonis Will,Hudson,KY,Organic
246,Francesca Gleason,Fall Creek,WI,Affiliate
248,Chanelle Cummings,Great Bend,KS,Organic
250,Antwon Pagac,Rising Star,TX,Google
251,Dominique Bergnaum,Binghamton,NY,Affiliate
253,Kyla Zemlak,Hermosa,SD,Twitter
254,Ramiro Green,Reynolds,IN,Affiliate
256,Rupert Walsh,Carlinville,IL,Twitter
258,Melvin Upton,Sprakers,NY,Facebook
259,Krystel Boyle,Upton,WY,Affiliate
260,Lexie Franecki,Texarkana,AR,Affiliate
261,Jaden Cole,Sandusky,MI,Google
265,Larry Weimann,Gold Hill,OR,Google
266,Beau Rutherford,Blue Creek,OH,Google
268,Marvin Hegmann,Pekin,IL,Facebook
269,Mara Prohaska,Friona,TX,Twitter
270,Chester Eichmann,Arley,AL,Organic
271,Aurore Ryan,Glendale,UT,Affiliate
272,Roy Paucek,Cedar Point,KS,Facebook
274,Cameron Strosin,Anamoose,ND,Facebook
275,Gabrielle Considine,Oconto Falls,WI,Affiliate
276,Abbie Ryan,Sultan,WA,Facebook
277,Ruthe Champlin,Churchville,MD,Affiliate
278,Fredrick Gulgowski,Chesnee,SC,Facebook
279,Orville Effertz,Eldora,IA,Organic
280,Ryleigh Gleason,Kim,CO,Organic
282,Breanna Hodkiewicz,Grinnell,IA,Organic
285,Okey Botsford,Keene,ND,Affiliate
286,Pamela Jast,Edgerton,WI,Organic
287,Alverta Reilly,Boys Ranch,TX,Google
289,Lacey Dickinson,Mullin,TX,Affiliate
290,Lila Marks,Williamsport,IN,Organic
293,Cornell Connelly,Greene,IA,Twitter
295,Aliyah Pfannerstill,Wasco,CA,Google
296,Nellie Heller,Gray,ME,Facebook
297,Ryley Nader,Tomball,TX,Twitter
300,Bryon Lakin,Valdosta,GA,Facebook
301,Nichole Ledner,Goodell,IA,Organic
303,Orlando Kovacek,Oxford,MS,Facebook
304,Emmanuelle Sporer,Pembina,ND,Twitter
305,Rebekah Dickinson,Slate Hill,NY,Facebook
306,Louie Breitenberg,Phenix City,AL,Twitter
307,Vladimir Kuphal,Bremo Bluff,VA,Google
309,Marilou Koss,Sturgis,SD,Facebook
310,Libby Ledner,Creston,NC,Twitter
311,Orlo Lueilwitz,Rebersburg,PA,Facebook
312,Lauren Lueilwitz,Sulligent,AL,Affiliate
313,Miguel Reynolds,Sand Point,AK,Organic
314,Tomas Mraz,Alexandria,SD,Facebook
317,Sibyl Bernier,Akron,OH,Affiliate
318,Cassandre Daugherty,Walden,CO,Affiliate
320,Adriel Hudson,Warren,MN,Twitter
322,Scot Rippin,Yuma,CO,Google
323,Deja Schmeler,Paulsboro,NJ,Affiliate
325,Orrin Lemke,Erie,IL,Twitter
326,Clovis Homenick,Avella,PA,Twitter
327,Rosario Bradtke,Rankin,IL,Organic
328,Merle Blick,Santa Maria,CA,Twitter
329,Elwin Okuneva,Blaine,TN,Affiliate
330,Edward McClure,Hermleigh,TX,Organic
331,Max Reynolds,Upson,WI,Affiliate
332,Kayley Klein,Fairbanks,AK,Twitter
334,Berneice Abbott,Humboldt,NE,Twitter
336,Wilhelmine Erdman,Blue Ridge,VA,Organic
337,Adolph Tillman,Wadley,AL,Facebook
338,Ernie Bogan,Dixon,CA,Google
342,Lavinia Harber,Powderly,TX,Affiliate
344,Ellsworth Stamm,Cazenovia,NY,Google
345,Jayme Zulauf,Bolivar,NY,Twitter
346,Alene Abernathy,Monroe,TN,Facebook
347,Ola Gottlieb,Rochelle,IL,Affiliate
348,Elmore Weissnat,Le Flore,OK,Organic
350,Quentin Dickinson,Brookline,VT,Google
351,Maudie Leannon,Lake Odessa,MI,Twitter
352,Lowell Koelpin,Orlando,FL,Affiliate
353,Hulda Hintz,Freeland,MI,Facebook
354,Molly Robel,Lovell,WY,Facebook
355,Jairo Schiller,Pelahatchie,MS,Organic
356,Meta Koelpin,Montello,WI,Twitter
358,Antonina Rolfson,Pine Mountain,GA,Google
359,Mattie Russel,Blanco,TX,Affiliate
360,Stuart Wintheiser,Jackson,MO,Google
361,Unique Balistreri,Collettsville,NC,Twitter
362,Jaqueline Waelchi,Harpster,OH,Affiliate
363,Diana Marvin,King City,CA,Google
365,Sibyl Hettinger,Hampton,NE,Affiliate
367,Gaetano Wilderman,Circle,MT,Affiliate
369,Alia O'Reilly,Chidester,AR,Facebook
371,Kimberly Braun,Skipwith,VA,Twitter
373,Dawson Kuvalis,Abiquiu,NM,Google
375,Ryder Kunde,Helena,MT,Google
376,Fanny Gutmann,Lagro,IN,Twitter
377,Prince Quitzon,Great Falls,MT,Organic
379,Theresia Johnston,Ruffs Dale,PA,Google
381,Trudie Koch,Orleans,IN,Twitter
383,Phoebe Wintheiser,Egeland,ND,Affiliate
384,Tressie Smitham,Pontotoc,MS,Google
386,Omer Kautzer,Copper Center,AK,Affiliate
388,Nicklaus Hahn,Stanhope,IA,Facebook
389,Mellie Wolf,Lawrence,NE,Affiliate
390,Brenna Hudson,Ashton,ID,Organic
391,Gilberto Mueller,Parlin,CO,Twitter
394,Rosario Thiel,Lonoke,AR,Twitter
397,Lavern Botsford,Townville,PA,Twitter
398,Norval Collins,Pelican Rapids,MN,Organic
399,Leilani Sanford,Talkeetna,AK,Organic
400,Benton Huel,Muscatine,IA,Affiliate
401,Mark Hane,Robbins,NC,Twitter
403,Andy Schmeler,Sutton,MA,Facebook
404,Lolita Ferry,Sunderland,MD,Affiliate
406,Kacie Skiles,Chancellor,SD,Affiliate
407,Liliane Blanda,Beaumont,TX,Organic
409,Kenyon Watsica,Lake Charles,LA,Organic
411,Ruthe Gibson,Fayetteville,NC,Affiliate
412,Earnestine Lockman,Eureka,CA,Facebook
413,Joanne Osinski,Durango,CO,Facebook
414,Casey Metz,Canton,GA,Google
417,Rowan Hyatt,Coulterville,IL,Google
418,Ella Koss,Bulverde,TX,Google
419,Jaeden Cremin,Franklin,KY,Google
420,Crystel Mann,Tolna,ND,Organic
421,Arely Zulauf,Fairmont,OK,Facebook
423,Loyce Cole,Elliott,IA,Google
424,Earline Gulgowski,Puxico,MO,Google
425,Enrique Wiegand,Duncan,MS,Twitter
432,Lou Runte,Vernal,UT,Twitter
434,Domenico Abernathy,Anderson,SC,Google
435,Allan Runolfsson,West Plains,MO,Facebook
436,Heber Turner,Scranton,IA,Facebook
437,Danial Keeling,Toston,MT,Google
439,Ivah Tromp,Wing,ND,Facebook
440,Sarina Bailey,Cambridge,MN,Google
441,Pietro Bogisich,Onamia,MN,Affiliate
442,Arch Simonis,Philippi,WV,Facebook
443,Lisa VonRueden,Marion,ND,Twitter
444,Andres Zulauf,Baxter Springs,KS,Organic
446,Tre Balistreri,Dayton,OH,Organic
447,Demario Hand,White Oak,GA,Affiliate
448,Darian Cremin,Mathias,WV,Organic
449,Zetta Nitzsche,Donna,TX,Organic
451,Vernice Schmitt,Tupper Lake,NY,Twitter
452,Dawn Goldner,Ovid,CO,Affiliate
453,Evangeline Reichert,Lewistown,MT,Facebook
454,Bobby Kessler,La Fayette,AL,Facebook
455,Leonie Crona,Valier,MT,Twitter
456,Rogelio Turner,Burlington Junction,MO,Affiliate
457,Marguerite Huels,Ola,ID,Facebook
458,Elvera Lowe,Graysville,AL,Twitter
459,Anissa Schuppe,Corry,PA,Facebook
461,Sid Mills,Evergreen,CO,Organic
465,Haskell Graham,Madras,OR,Twitter
466,Myles Deckow,Indiantown,FL,Twitter
468,Jensen Swaniawski,Qulin,MO,Facebook
469,Letha Murazik,Wheeler,IL,Organic
470,Enrico Graham,Greenwood,DE,Twitter
472,Gregory Brakus,Williamston,NC,Twitter
476,Adalberto Terry,Comer,GA,Affiliate
480,Crawford Rath,Attica,IN,Organic
481,Keely O'Conner,Mountain Home,AR,Google
482,Dolores Bins,Carthage,AR,Twitter
483,Magnolia O'Keefe,Young Harris,GA,Twitter
484,Mayra Olson,Saint Joe,IN,Google
485,Marcelina Moore,Mount Jackson,VA,Twitter
488,Terrence Emmerich,Bolivar,OH,Affiliate
489,Amya Homenick,Township of Branch,MI,Organic
490,Tyreek Runolfsdottir,Columbia,CT,Affiliate
492,Janelle Rutherford,Canton,TX,Google
493,May Kerluke,Webster,NY,Facebook
497,Jennings Ferry,Chocowinity,NC,Google
499,Loyal Wintheiser,Wise River,MT,Organic
500,Madge Friesen,Yates Center,KS,Organic
501,Orval Hettinger,Marthasville,MO,Google
503,Devan Skiles,Pomona,KS,Organic
504,Carlotta Kessler,Greenfield,IA,Affiliate
507,Ava Jaskolski,Davenport,WA,Facebook
508,Breana Weber,Marietta,IL,Facebook
509,Ignatius Watsica,Brentwood,TN,Facebook
510,Arnoldo Cronin,Marshalltown,IA,Facebook
511,Lemuel Schamberger,Sutherland,IA,Facebook
512,Oliver Jacobs,Paron,AR,Google
513,Loma Monahan,Morrison,TN,Organic
518,Granville Gaylord,Athens,MI,Affiliate
519,Marcelle Rippin,Avery,TX,Affiliate
520,Lamont Hoeger,Livingston Manor,NY,Facebook
521,Ubaldo Becker,Choteau,MT,Organic
522,Theodore McGlynn,Froid,MT,Facebook
523,Deonte Hoeger,Mc Leod,MT,Twitter
525,Ethan Rutherford,Superior,WI,Affiliate
526,Tyrique Deckow,Pratt,KS,Organic
527,Marjorie O'Conner,Dow City,IA,Affiliate
528,Jennyfer Hermiston,Mountain Home,AR,Twitter
529,Haylie Johns,Ovid,CO,Twitter
530,Camila Kautzer,Berlin,WI,Facebook
531,Dixie Adams,Uniontown,AL,Google
533,Jennie Kuhlman,Harlowton,MT,Twitter
534,Lacey Balistreri,Calhan,CO,Affiliate
535,Will Kozey,Jamestown,CA,Affiliate
536,Daisha Boyer,Kingsley,MI,Affiliate
537,Keith Rosenbaum,Pettigrew,AR,Google
538,Charlie Bartoletti,Athelstane,WI,Google
540,Mallory Kirlin,Pioneertown,CA,Google
542,Gertrude Labadie,Woodland,NC,Organic
543,Hadley Watsica,Tannersville,NY,Google
544,Emmie Mertz,Fredericksburg,TX,Affiliate
545,Aylin Wisozk,Summerville,GA,Google
547,Sim Gusikowski,Bowie,TX,Affiliate
549,Andy Rempel,Solon Springs,WI,Affiliate
550,Kristoffer Keebler,Fairbanks,AK,Google
551,Oceane Runte,Orient,SD,Organic
552,Isidro Schuppe,Chadwick,MO,Affiliate
554,Robin Rohan,Waterloo,WI,Facebook
555,Coty Kertzmann,Weippe,ID,Organic
556,Percy Padberg,Danville,IL,Organic
557,Enola Bayer,Verona,IL,Google
558,Alexandria Schowalter,Valley,AL,Google
560,Earl Erdman,Preston,MD,Affiliate
561,Brooks Shields,Fields,OR,Organic
562,Samson Hauck,Pine River,MN,Facebook
564,Lura Gutmann,Athens,WI,Facebook
565,Letha Streich,Dyersburg,TN,Facebook
566,Jessy Spinka,Wilton,ND,Twitter
567,Rossie Mann,Boscobel,WI,Twitter
568,Jay Strosin,Power,MT,Facebook
571,Micaela Ebert,Wing,ND,Affiliate
573,Rachelle Schmidt,Winamac,IN,Twitter
574,Jakob Hansen,Argusville,ND,Facebook
576,Hulda Greenfelder,Baker,MT,Google
577,Orion Wilkinson,Rome City,IN,Facebook
578,Estrella Goyette,Hessmer,LA,Organic
581,Quinten Goyette,Worthington,MN,Google
583,Issac O'Kon,Hull,IA,Twitter
585,Stefan Reilly,Mountain Home,ID,Google
586,Rosalyn Bauch,Round Lake,MN,Facebook
587,Deven Bruen,Fort Loramie,OH,Organic
588,Porter Tromp,Weir,MS,Affiliate
589,Lazaro Luettgen,Gorham,ME,Twitter
590,Cleo Ziemann,Joy,IL,Affiliate
591,Dahlia Turner,Battle Lake,MN,Twitter
592,Manley Bogan,Olivia,MN,Twitter
597,Stan Schaefer,Sutton-Alpine,AK,Facebook
598,Lon Friesen,Bedford,PA,Organic
602,Kaela Kunze,Glennallen,AK,Twitter
604,Carlee Champlin,Plevna,MT,Google
605,Arturo Marquardt,Dibble,OK,Google
607,Laurel Pfannerstill,Casper,WY,Facebook
608,Melisa Grimes,Fairlee,VT,Google
609,Opal Herman,Athens,WI,Facebook
611,Brice Stark,Ute,IA,Facebook
612,Virginia Prohaska,Iuka,MS,Twitter
613,Kaden Lakin,Revillo,SD,Organic
616,Rex Thiel,Amory,MS,Facebook
617,Isai Frami,Idalia,CO,Affiliate
619,Vince Balistreri,New Baltimore,MI,Twitter
620,Shyann Boehm,Greenland,MI,Google
621,Jazlyn Mohr,Carrington,ND,Google
622,Augusta Lueilwitz,Loma,MT,Affiliate
623,Olen Emmerich,Caribou,ME,Affiliate
624,Abbie Parisian,Pilot Hill,CA,Organic
626,Columbus Swaniawski,Lyerly,GA,Facebook
627,Efrain Spencer,Yerington,NV,Google
629,Yessenia Pagac,West Liberty,KY,Facebook
630,Felicia Runte,Aguilar,CO,Organic
631,Blanca Schiller,Mount Croghan,SC,Affiliate
632,Ben Padberg,Jay,OK,Facebook
634,Oswaldo Heaney,Sedalia,CO,Affiliate
635,Rahul Kreiger,Brooklyn,MS,Twitter
636,Danny Pollich,Mill Run,PA,Google
637,Maximillian Zboncak,Bremen,IN,Twitter
638,Lilian Roberts,West York,IL,Facebook
641,Blaise Legros,Tenino,WA,Twitter
642,Sonny Beahan,Aurora,OH,Twitter
643,Darrick Sawayn,Roosevelt,WA,Google
644,Florida Hackett,Garden Prairie,IL,Affiliate
646,Leopold Beer,Sunman,IN,Organic
647,Alison Paucek,Anchorage,AK,Google
650,Gia Abernathy,Kadoka,SD,Affiliate
652,Kitty Kohler,Kaycee,WY,Facebook
653,Shanie Spinka,Alpine,TX,Facebook
654,Amya Turner,Abilene,KS,Twitter
655,Shirley Okuneva,Greene,NY,Affiliate
656,Bettie Funk,Springfield,SC,Organic
657,Itzel Wunsch,Lompoc,CA,Google
658,Amiya Purdy,Markle,IN,Google
659,Wilford Bauch,Valentine,NE,Twitter
663,Philip Fadel,Trapper Creek,AK,Organic
664,Aidan Hagenes,Villisca,IA,Twitter
665,Petra Roob,East Bend,NC,Facebook
666,Andrew Carroll,Craig,CO,Google
667,Isaac Schultz,Browerville,MN,Facebook
668,Rae Lindgren,Farwell,NE,Organic
669,Dimitri Wisoky,Glenmoore,PA,Google
670,Syble Collier,De Queen,AR,Organic
671,Hollie Schaefer,Great Falls,MT,Organic
672,Robin Flatley,Pontotoc,MS,Affiliate
673,Lorena Predovic,Seffner,FL,Affiliate
674,Evelyn Hahn,Goodell,IA,Twitter
676,Aditya Schoen,Muleshoe,TX,Google
677,Brown Blick,Alexander City,AL,Organic
678,Laverne Stanton,Old Harbor,AK,Google
679,Theodora Mertz,Britt,IA,Google
681,Myrtice Harris,Deering,NH,Twitter
682,Annetta Predovic,Buffalo,IL,Affiliate
683,Reuben Koelpin,South Fulton,TN,Organic
684,Jacklyn Gorczany,Backus,MN,Organic
686,Dortha White,Floweree,MT,Organic
687,Jamar Hickle,Anaktuvuk Pass,AK,Google
688,Omari Homenick,East Prairie,MO,Affiliate
690,Giovani Thompson,Brimfield,MA,Twitter
691,Don Bosco,Red Bud,IL,Affiliate
692,Janiya Lockman,Williston,ND,Google
693,Margot Keeling,Washington Court House,OH,Organic
694,Unique Jerde,Ewing,KY,Organic
697,Delta Jerde,Paris,KY,Organic
699,Brielle Kertzmann,Quincy,IL,Twitter
700,Ezequiel Turcotte,Forest River,ND,Twitter
702,Nyasia Jakubowski,Portland,OR,Twitter
704,Stanley Stanton,Goliad,TX,Affiliate
705,Andres Kessler,Mayfield,KY,Google
706,Ladarius Hyatt,Ambler,AK,Facebook
708,Davin Jewess,Williams,AZ,Facebook
709,Erick O'Keefe,Oxbow,OR,Organic
710,Kali Hodkiewicz,Chuckey,TN,Facebook
712,Dalton Renner,Warrensville Heights,OH,Organic
713,Waldo Bartell,Mead,WA,Google
714,Dakota Mante,Rexburg,ID,Google
715,Lafayette Kertzmann,Keenesburg,CO,Twitter
716,Ben Roob,Kilgore,NE,Facebook
718,Deon Gerlach,Lakota,ND,Google
721,Charlene Bayer,Dallas,SD,Google
723,Shany Turcotte,Imlay,NV,Organic
724,Vito Haag,Andrews,SC,Organic
725,Sedrick Harvey,Big Timber,MT,Facebook
727,Cecelia Rolfson,Cottonwood Falls,KS,Facebook
728,Burnice Daugherty,West End,NC,Facebook
729,Maurice Rippin,Bird Island,MN,Affiliate
731,Eldon Herman,Fowler,CO,Twitter
733,Jerry Stracke,Columbia,MO,Google
736,Valerie Davis,Pembroke,VA,Organic
737,Hipolito Kulas,Jay,ME,Organic
741,Marcelo Ferry,Anaktuvuk Pass,AK,Affiliate
744,Reid Reilly,Indian Lake,NY,Google
746,Andre Stamm,New Auburn,WI,Twitter
748,Eden Jenkins,Blacksburg,VA,Organic
750,Jermain Kohler,Thomasville,GA,Affiliate
754,Ellsworth Watsica,Nathrop,CO,Google
755,Cedrick Kling,Heart Butte,MT,Twitter
756,Kennedi Waters,Staples,MN,Twitter
757,Teresa Hodkiewicz,Bond,CO,Organic
758,Dolly Bernhard,Marianna,AR,Organic
760,Louie Willms,Cody,WY,Twitter
762,Marc Schmitt,Delta Junction,AK,Twitter
763,Ezekiel McLaughlin,Waldoboro,ME,Twitter
766,Zula Boehm,Iola,KS,Organic
767,Clementina Johnston,Ontario,OR,Organic
768,Schuyler Hills,Wyalusing,PA,Facebook
769,Maverick Roob,Little America,WY,Affiliate
770,Jay Bruen,Richland,OR,Twitter
773,Willis Kuvalis,Dos Palos,CA,Affiliate
774,Celestino Bernhard,Richardton,ND,Affiliate
776,Clemens Hansen,Delbarton,WV,Organic
777,Mozell Frami,Forestport,NY,Organic
778,Lavina Schultz,Newfield,NJ,Affiliate
780,Fleta Leuschke,Chula,MO,Affiliate
782,Iva Waelchi,Rolla,MO,Facebook
783,Shayne Crona,Judith Gap,MT,Facebook
784,Felton Keebler,Silas,AL,Twitter
785,Jewell Wolf,Hawkins,WI,Twitter
787,Dina Wolf,Broxton,GA,Facebook
788,Conner Windler,Aguilar,CO,Google
789,Cierra Kuvalis,Hayes,SD,Affiliate
790,Eudora Renner,Grantville,GA,Twitter
791,Amina O'Reilly,Sanford,NC,Organic
792,Maximillia Ebert,Tunnelton,WV,Facebook
793,Estrella Reichert,Nara Visa,NM,Twitter
794,Elody Cormier,Sandyville,WV,Twitter
795,Vada West,Elm Creek,NE,Affiliate
797,Gretchen Muller,Meadville,PA,Google
798,Arden Jast,New Riegel,OH,Facebook
799,Eudora Greenholt,Arcadia,WI,Organic
800,Ransom Murphy,Register,GA,Facebook
801,Lavon Mante,Oakley,MI,Organic
803,Stewart Marks,Lorenzo,TX,Organic
804,Verna Davis,Iota,LA,Google
807,Juanita Altenwerth,Columbus,MT,Organic
808,Grady Raynor,Unadilla,GA,Facebook
809,Francesco Grant,Levering,MI,Facebook
811,Grant Breitenberg,Sonora,TX,Affiliate
813,Roman Walker,Parkin,AR,Affiliate
814,Miguel McGlynn,Grafton,MA,Facebook
815,Aniya Langosh,Anaktuvuk Pass,AK,Organic
816,Luisa Swaniawski,Le Raysville,PA,Facebook
817,Nova Leuschke,Genesee,PA,Affiliate
818,Eladio Parisian,Kathleen,GA,Organic
820,Garett Hegmann,Blairs,VA,Facebook
821,Haylie Bosco,Greenfield,OH,Affiliate
822,Morton Funk,Yoder,CO,Affiliate
823,Pattie Gutkowski,Talmage,NE,Twitter
824,Justine Olson,Hollidaysburg,PA,Organic
828,Irma Waters,Summersville,KY,Google
829,Elva Herman,Cosmos,MN,Twitter
830,Joshuah Gleichner,Sarles,ND,Organic
831,Marques Koch,Altheimer,AR,Affiliate
832,Norberto Dach,Garrison,MO,Affiliate
834,Haleigh Bayer,Terry,MT,Twitter
835,Gloria Conn,Cornell,WI,Organic
836,Janet Stiedemann,Petersville,AK,Twitter
837,Bonita King,Guffey,CO,Facebook
839,Emelia Tromp,Bedrock,CO,Google
840,Eusebio Eichmann,Snohomish,WA,Organic
841,Gudrun Blanda,Cornelius,OR,Affiliate
843,Zackery Kuhn,Carter,MT,Affiliate
844,Vida Crist,LaFayette,GA,Twitter
848,Tressie Willms,Portage,IN,Facebook
850,Carolanne Upton,New Market,AL,Organic
851,Ryann Rice,Canadian,TX,Facebook
854,Sigmund Mayer,Eufaula,AL,Twitter
857,Rudy Larkin,Caroline,WI,Google
858,Angie Hills,Livingston,MT,Affiliate
859,Julio Beatty,Westfield,NJ,Google
860,Lesly Fay,McFarland,CA,Google
861,Dulce Conroy,Iuka,MS,Facebook
863,Paolo Kshlerin,Noble,LA,Google
864,Gunnar Hilpert,Kissimmee,FL,Twitter
865,Dagmar Sawayn,Hayes Center,NE,Twitter
866,Maybelle Romaguera,Caliente,NV,Google
868,Danny Oberbrunner,Salvisa,KY,Affiliate
869,Candace Greenholt,Italy,TX,Google
870,Sigrid Denesik,Toyah,TX,Organic
871,Luis Mitchell,Big Timber,MT,Organic
874,Johathan Ebert,New Waverly,TX,Organic
875,Trudie Muller,Port St. Lucie,FL,Facebook
877,Larry Paucek,Fruitvale,ID,Affiliate
878,Chanel Rippin,Clinton,KY,Facebook
881,Kaya Schoen,Starks,LA,Google
882,Geovanny Schuster,Winchester,OH,Organic
883,Dennis McCullough,Johannesburg,MI,Facebook
885,Eldred Dietrich,Cedar City,UT,Facebook
886,Howell Price,Ukiah,CA,Twitter
888,Bud Bruen,Ostrander,OH,Organic
890,Loren Weimann,Mansfield,SD,Google
892,Muhammad Kub,Oneonta,AL,Google
893,Audie Hane,Savanna,IL,Organic
896,Christophe Durgan,Asheboro,NC,Affiliate
897,Mya Aufderhar,Nellysford,VA,Twitter
899,Samara Hegmann,Gurley,NE,Twitter
900,Kathryne Hoppe,New Underwood,SD,Organic
901,Libbie Larkin,Piermont,NH,Affiliate
902,Anjali Parker,Riverside,CA,Facebook
904,Tracey Denesik,Adrian,MN,Facebook
905,Delfina Orn,Jonesborough,TN,Affiliate
906,Dale Halvorson,Dixon,MT,Google
907,Louie Corkery,Eldridge,MO,Google
908,Toby Yundt,Lander,WY,Affiliate
909,Sophie Blanda,Cunningham,KS,Google
910,Jonas Von,Wendover,KY,Facebook
911,Ivory McCullough,Melbourne,AR,Google
912,Rickie Vandervort,Lexington,TX,Affiliate
913,Destiney Ortiz,Caldwell,ID,Facebook
914,Alfonzo Casper,Clare,IL,Organic
915,Dorian Predovic,Sallis,MS,Organic
916,Everette Kuphal,Coleharbor,ND,Affiliate
917,Franco Sauer,Coaldale,CO,Google
918,Margret Johnston,Ree Heights,SD,Twitter
919,Oscar Olson,Moorhead,MN,Organic
923,Conrad King,Lordsburg,NM,Organic
924,Agnes Braun,Lucedale,MS,Facebook
925,Archibald Lowe,Burbank,CA,Facebook
927,Laura Bahringer,Arthur,NE,Google
929,Winifred Runolfsson,Portal,ND,Organic
930,Walker Harris,Farmer City,IL,Twitter
931,Maye Rath,Shaftsbury,VT,Twitter
932,Gaston Dicki,Three Forks,MT,Organic
933,Aurelio Parker,Lexington,TX,Affiliate
934,Douglas Prosacco,Salinas,CA,Twitter
935,Taryn Schoen,Dorr,MI,Google
936,Jailyn Hickle,Rice Lake,WI,Organic
937,Adonis Ritchie,Saint Clairsville,OH,Twitter
939,Coleman Beier,Gifford,WA,Affiliate
940,Jude Ward,Lexington,MO,Affiliate
942,Lacy Gleichner,Levelland,TX,Google
943,Phoebe Mann,Oriental,NC,Organic
944,Hollis Rau,Ismay,MT,Organic
949,Amanda Boehm,Hickory Grove,SC,Google
953,Rowan Weimann,Gatesville,TX,Facebook
954,Keyshawn Weimann,Piedmont,AL,Organic
955,Torey Bahringer,Inyokern,CA,Affiliate
957,Marta Langworth,Hunnewell,MO,Google
959,Joe Mills,Twin Falls,ID,Organic
960,Angie Tremblay,Blue River,WI,Facebook
961,Josiah Jacobs,Sacred Heart,MN,Organic
962,Theresa Corkery,Ames,IA,Twitter
963,Cindy Witting,Meadowview,VA,Google
964,Lionel Hyatt,McAlister,NM,Google
966,Ford Rolfson,Wilmington,NY,Twitter
967,Zoie Kozey,Chignik,AK,Facebook
968,Josiah Schimmel,Quincy,FL,Facebook
969,Dell Adams,Salyersville,KY,Facebook
970,Rosie Hagenes,Belcher,KY,Facebook
972,Frederic Wehner,Soda Springs,ID,Organic
975,Sidney Kling,Adams,ND,Affiliate
976,Consuelo Vandervort,Brinkley,AR,Facebook
977,Lillian Wiza,Milmine,IL,Twitter
978,Domenic Daugherty,Pittsburg,KS,Google
980,Abelardo Purdy,Frazee,MN,Google
981,Jarvis Brekke,Oakland,OR,Twitter
983,Caroline Kreiger,Bowling Green,MO,Facebook
987,Marvin Kris,Apache Junction,AZ,Facebook
990,Paula Corkery,Kellyville,OK,Organic
991,Quincy Weber,Keenesburg,CO,Affiliate
992,Cassidy Watsica,Clancy,MT,Facebook
993,Charles Murazik,Lyman,NE,Google
995,Efrain Trantow,Bishop,GA,Affiliate
997,Savion Bogan,Plainview,TX,Affiliate
999,Destini Deckow,Newfane,VT,Facebook
1000,Craig Abshire,Bedford,MA,Google
1002,Martin Monahan,Woodsboro,TX,Affiliate
1003,Orion Romaguera,Jaffrey,NH,Twitter
1004,Alvis Emmerich,Galesburg,IL,Affiliate
1005,Bernardo Dietrich,College Corner,OH,Google
1006,Gene Kemmer,Atkinson,NE,Google
1007,Viva Willms,Akron,OH,Google
1008,Khalid Blanda,Shallowater,TX,Google
1009,Leonard Blick,Elk City,OK,Twitter
1011,Roberto Becker,Roscoe,MT,Facebook
1012,Andreanne Wiza,Regan,ND,Organic
1014,Lavern Boyle,Glencoe,MN,Facebook
1016,Viola Schoen,Bethel,VT,Organic
1017,Maybelle Cummerata,Albany,KY,Google
1019,Freddy Fay,Harvey,ND,Facebook
1020,Darryl Bahringer,Hamilton,OH,Twitter
1021,Ladarius Ullrich,Collinsville,MS,Google
1023,Pinkie Schulist,Harrison,MI,Facebook
1025,Maye Kuhn,Marietta,TX,Organic
1027,Nyah Keebler,Amarillo,TX,Affiliate
1028,Trace Walker,Melrose,WI,Facebook
1029,Paris Herzog,North Bend,NE,Organic
1030,Samir Johnson,Tipton,IN,Facebook
1031,Garry Paucek,Austin,TX,Affiliate
1032,Lisandro Skiles,Ashby,MN,Affiliate
1035,Blake Leffler,Birmingham,AL,Affiliate
1037,Savanah Will,Commerce,GA,Facebook
1039,Jarred Koch,Marion,AL,Twitter
1040,Ike Homenick,Elkton,VA,Twitter
1042,Martina Altenwerth,Ithaca,NY,Google
1045,Clementine Collins,Rock Rapids,IA,Twitter
1048,Eino Cronin,Marshfield,MO,Facebook
1049,Audra Mante,New Market,AL,Organic
1050,Florence Donnelly,Newcastle,WY,Google
1051,Mason Ferry,Huntingdon,TN,Twitter
1054,Dina Hand,Brownwood,TX,Google
1055,Madisen Kunde,Dillon,MT,Organic
1056,Sydnie Schimmel,Shubuta,MS,Google
1057,Linwood Osinski,Hammond,NY,Google
1058,Jacques Wunsch,Cathay,ND,Organic
1061,Jessika Kutch,Lake,MI,Organic
1062,Monty Lynch,Alliance,NE,Google
1063,Flo Dickens,East Windsor,CT,Twitter
1064,Misty Connelly,Folkston,GA,Organic
1065,Jazmin Rau,Carter,MT,Affiliate
1066,Norwood Gutmann,Tolar,TX,Organic
1067,Glenda Cassin,Shohola,PA,Affiliate
1068,Bret Quigley,Beaverdam,VA,Affiliate
1069,Ansley Cummings,Bloomfield,IN,Organic
1070,Skye Heidenreich,Penn Valley,CA,Twitter
1071,Helen Crooks,Waverly,AL,Twitter
1072,Markus Hirthe,Woodville,WI,Twitter
1073,Aditya Nienow,Emmons,MN,Affiliate
1074,Joan Ortiz,Grand Junction,TN,Twitter
1075,Eliezer Conroy,Ashland,AL,Organic
1076,Jaida Huels,Clyde,KS,Organic
1077,Veronica Weissnat,Jacksonville,FL,Organic
1078,Keenan Ferry,Norman Park,GA,Affiliate
1080,Shawna Kilback,Carthage,SD,Affiliate
1081,Esther Douglas,Lithonia,GA,Affiliate
1083,Mathias Altenwerth,Fort Dodge,IA,Google
1084,Tamia Larkin,Lusk,WY,Google
1086,Eleanora Smith,Buffalo Junction,VA,Facebook
1087,Shaina Witting,Rothsay,MN,Affiliate
1089,George Wiza,West Plains,MO,Facebook
1091,Margot Beahan,Balsam Lake,WI,Facebook
1092,Carmen Abshire,Plainfield,NH,Affiliate
1093,Mollie Lynch,Fredericksburg,TX,Google
1095,Armand Cronin,Sheldon,SC,Facebook
1096,Jermaine Schmeler,McColl,SC,Affiliate
1097,Arnoldo Hessel,Albany,IN,Affiliate
1099,Aidan Toy,Carthage,TX,Organic
1100,Rudy Cremin,Coats,NC,Organic
1101,Patrick Torp,Lisbon,ND,Facebook
1102,Winona Cassin,Purcell,OK,Facebook
1104,Roberto Armstrong,Eagleville,TN,Affiliate
1105,Brody O'Reilly,North Plains,OR,Google
1106,Arne Kub,Atwater,MN,Affiliate
1107,Leonora Howell,Marble Rock,IA,Facebook
1108,Wyatt McDermott,Channing,TX,Facebook
1109,Mohammed Powlowski,Fruit Cove,FL,Twitter
1112,Breanna Strosin,New Haven,MO,Affiliate
1113,Violet Hills,Gadsden,AL,Google
1114,Celestino Wintheiser,Lyle,MN,Google
1115,Gina Schneider,Parsons,WV,Affiliate
1116,Jaron Hansen,Grayson,LA,Organic
1117,Katharina Heathcote,Live Oak,CA,Twitter
1118,Marta Kuvalis,Holly,MI,Organic
1119,Alisha Kilback,Steele,ND,Google
1120,Violette Wisozk,Kingsburg,CA,Facebook
1121,Marlene Cassin,Wing,ND,Twitter
1122,Milford Douglas,High Springs,FL,Facebook
1123,Creola Satterfield,Philo,CA,Organic
1125,Kaia Waters,Jacksboro,TX,Organic
1126,Harrison Ortiz,Rippey,IA,Organic
1127,Aurelio Jacobson,Burton,TX,Google
1128,Filomena Waelchi,Lawton,OK,Twitter
1129,Elyssa Cronin,Rockport,WA,Google
1130,Gideon Fadel,Poughkeepsie,NY,Google
1131,Flavio Thompson,New Prague,MN,Facebook
1132,Camryn Murazik,Caldwell,ID,Affiliate
1133,Wilfred Anderson,Madison,OH,Organic
1134,Lillie Wilderman,Wendell,NC,Organic
1135,Gene Lueilwitz,Osakis,MN,Affiliate
1137,Jamal Bayer,Tioga,ND,Google
1138,Morris Gaylord,Lakeside,MT,Organic
1141,Onie Altenwerth,Bristol,FL,Organic
1142,Corbin Wiegand,Ashville,PA,Twitter
1143,Triston Kuvalis,Elkhart,IN,Organic
1144,Gerald Mayert,Canyon Lake,TX,Twitter
1147,Nick Collier,Lanexa,VA,Organic
1149,Khalil Padberg,Pierre,SD,Affiliate
1150,Camron Homenick,Highwood,MT,Affiliate
1151,Norene Cole,Tonasket,WA,Google
1152,Erica Orn,Ezel,KY,Organic
1153,Carmela Schinner,Clarissa,MN,Affiliate
1154,Merritt Weber,Mount Pleasant,TX,Twitter
1155,Boris Gerhold,Bee Branch,AR,Affiliate
1156,Caleb Dare,Folsom,LA,Google
1158,Muhammad Waters,Garfield,MN,Google
1160,Patience Heidenreich,Bristol,SD,Affiliate
1161,Cortney Zemlak,Valdosta,GA,Affiliate
1162,Sherwood Larson,Conway Springs,KS,Organic
1163,Otto Krajcik,Holmen,WI,Organic
1164,Annetta Zulauf,Hayes Center,NE,Organic
1165,Makayla Ondricka,Wahpeton,ND,Facebook
1168,Ernestine Erdman,Willow,AK,Facebook
1169,Jerrell Swaniawski,Genoa,CO,Affiliate
1170,Gunnar Huels,Waverly,VA,Twitter
1171,Humberto Beer,Holderness,NH,Google
1172,Camryn Wunsch,Garner,IA,Organic
1175,Aidan Jacobi,Sand Springs,OK,Twitter
1177,Vincenzo Spencer,Galesville,WI,Google
1179,Stone Koelpin,Thiensville,WI,Facebook
1180,Fred Mueller,Valley View,TX,Twitter
1181,Giovanni Smitham,Englewood,OH,Facebook
1182,Jean Larson,Oxford,WI,Twitter
1187,Ashtyn Orn,Standish,MI,Google
1188,Arno Nienow,Lufkin,TX,Facebook
1191,Alphonso Rodriguez,Douglas,WY,Google
1192,Dereck Hudson,Ashby,MN,Organic
1193,Fay Thompson,Angier,NC,Affiliate
1194,Phyllis Auer,Gautier,MS,Affiliate
1196,Kitty Hessel,Warrensburg,MO,Google
1197,Hanna Schaden,Jesup,GA,Google
1199,Kaya Satterfield,Beech Bluff,TN,Google
1200,Vergie Rempel,Springville,PA,Facebook
1201,Kaycee Keebler,Arvin,CA,Affiliate
1202,Christine Hills,Kings Point,NY,Facebook
1203,Vella Fadel,Maple,WI,Google
1204,Myrtle Bahringer,Fort Dodge,IA,Google
1205,Monroe Kulas,Mayville,NY,Twitter
1209,Juanita Kessler,Plattsmouth,NE,Google
1210,Alfonzo Quigley,Morgantown,KY,Twitter
1211,Kelsi Douglas,Venus,PA,Facebook
1212,Liam Schoen,Ryder,ND,Facebook
1213,Russell Muller,Zephyrhills,FL,Facebook
1214,Susan Abernathy,Whitakers,NC,Facebook
1215,Estefania Conroy,Thornville,OH,Twitter
1216,Johnson Mohr,Estacada,OR,Facebook
1217,Bernita Volkman,Anchor Point,AK,Organic
1219,Toby Sporer,Clarence,NY,Affiliate
1220,Lizeth VonRueden,Pickrell,NE,Google
1221,Edwin Von,Raymond,CA,Google
1222,Chad Reynolds,Stapleton,NE,Twitter
1223,Antwan Fisher,Wisconsin Rapids,WI,Twitter
1225,Alayna Beatty,Cheney,KS,Facebook
1226,Veronica Stark,Forestburg,TX,Twitter
1227,Murray Wintheiser,Danville,GA,Organic
1228,Joe Becker,Kannapolis,NC,Affiliate
1229,Angel Auer,Tennessee,IL,Facebook
1230,Sigmund King,Bowman,SC,Twitter
1231,Brielle Ondricka,Murray,KY,Twitter
1232,Dane Monahan,Little Falls,NY,Affiliate
1234,Abdiel Huel,Lexington,SC,Facebook
1236,Freida Wiza,New Providence,PA,Organic
1237,Theresa Hudson,Northfield,MN,Organic
1238,Josh Schimmel,Olsburg,KS,Twitter
1240,Clementine Schmitt,Valley Springs,CA,Google
1241,Danial Hegmann,Brookville,KS,Affiliate
1242,Tad Ruecker,Arkdale,WI,Affiliate
1243,Nikolas Waelchi,Hollister,CA,Twitter
1244,Hollie Carter,Jasper,TX,Google
1245,Justine Schneider,Gaffney,SC,Organic
1246,Leonardo Fahey,Sedan,KS,Google
1247,Alysson Cartwright,Leland,IA,Affiliate
1248,Cassandra Nicolas,De Tour Village,MI,Google
1249,Janis Bode,Comanche,TX,Google
1250,Brenda Buckridge,West Mansfield,OH,Twitter
1252,Durward Kilback,Castalia,IA,Twitter
1253,Maeve Bernier,Ritzville,WA,Facebook
1254,Watson Gerhold,Scobey,MT,Twitter
1258,Vernice Bernier,Baldwinsville,NY,Organic
1259,Elinore Carroll,Grenada,MS,Affiliate
1260,Miles VonRueden,Summers,AR,Twitter
1262,Maurice Zboncak,Edna,TX,Google
1263,Lila Von,Hammond,IL,Organic
1264,Grace Hills,Sheridan Lake,CO,Google
1265,Rebeka Wisoky,Dover,NC,Facebook
1266,Leta Heidenreich,Ekalaka,MT,Facebook
1267,Fatima Murphy,Terry,MT,Google
1268,Lenna Hahn,Montegut,LA,Facebook
1269,Pat Jast,Lothian,MD,Google
1270,Hobart Dickinson,Dickson,TN,Twitter
1271,Pearlie Heidenreich,Appleton,ME,Twitter
1272,Lonny Shanahan,Lexington,MO,Affiliate
1273,Rosella Bergstrom,Vicksburg,MS,Organic
1274,Carmel Cummerata,Brook,IN,Facebook
1275,Omer Sipes,Fulton,AR,Affiliate
1276,Constantin Harris,Zephyr,TX,Affiliate
1280,Jimmie Lang,Holstein,NE,Organic
1281,Noel Ziemann,Natchez,LA,Google
1282,Verlie Bartell,Baldwin City,KS,Organic
1283,Yadira Conroy,Mitchell,IN,Google
1287,Celine Hegmann,Hoyleton,IL,Twitter
1288,Norwood Lind,Plentywood,MT,Facebook
1289,Loy Krajcik,Le Roy,MN,Google
1290,Pasquale Ryan,Ulysses,PA,Twitter
1291,Tyshawn Hermiston,Shakopee,MN,Google
1292,Kaleb Schultz,Magnolia,TX,Facebook
1294,Santiago Luettgen,Indian Valley,ID,Affiliate
1295,Zachariah Cartwright,Pinnacle,NC,Facebook
1296,Sterling Koch,Swan River,MN,Twitter
1297,Colt Leuschke,Douglas,ND,Twitter
1298,Rick Yost,Rush,NY,Facebook
1299,Easton Kuhlman,Pukwana,SD,Affiliate
1300,Cleo Harber,Strong,AR,Google
1301,Oda Yost,Albany,NY,Affiliate
1302,August Wiza,New Underwood,SD,Google
1303,Ricky Kulas,Fredericksburg,IA,Facebook
1304,Brenda Gibson,Rochester Mills,PA,Organic
1305,Isabel Swaniawski,Red Creek,NY,Organic
1306,Ana Cruickshank,Fredericksburg,TX,Organic
1307,Filomena Larson,Jasper,AL,Google
1308,Sabina Borer,Centerville,SD,Organic
1309,Camilla Wintheiser,Moneta,VA,Facebook
1310,Nicola Krajcik,Dilliner,PA,Organic
1312,Isom Welch,Lanesboro,MN,Twitter
1313,Darien Botsford,Yuma,AZ,Organic
1314,Roel Gislason,Lind,WA,Organic
1316,Walker Carter,Upper Lake,CA,Google
1317,Everett Effertz,Reed City,MI,Google
1319,Arnold Krajcik,Paton,IA,Google
1322,Ole Krajcik,Chariton,IA,Affiliate
1323,Ambrose Johnson,Saguache,CO,Organic
1324,Holden Huel,DeRidder,LA,Affiliate
1326,Maximillian Dickinson,Turner,MI,Google
1328,Randy Blanda,Saegertown,PA,Facebook
1329,Michale Mayer,Lake Crystal,MN,Organic
1330,Woodrow Hermann,Cissna Park,IL,Facebook
1331,Jed Bartell,Stephenville,TX,Organic
1332,Edmund Wilkinson,Marshfield,VT,Twitter
1333,Braeden Stehr,Islandton,SC,Twitter
1334,Liam Graham,Blossvale,NY,Google
1335,Marilou Schultz,Laporte,MN,Google
1338,Joanne Powlowski,Souris,ND,Facebook
1341,Sigrid Runolfsdottir,Poplarville,MS,Facebook
1342,Brittany Thompson,Ash Grove,MO,Twitter
1343,Brianne Jacobson,Castana,IA,Twitter
1344,Buddy Hills,Traverse City,MI,Twitter
1346,Gerard Ruecker,Burkeville,VA,Facebook
1348,Maryam Nolan,Unalaska,AK,Organic
1349,London Ryan,Corning,CA,Organic
1350,Jacey Schoen,Willow,AK,Google
1351,Carolina Crona,Hyannis,NE,Twitter
1352,Gaston McCullough,Jackson,MI,Affiliate
1354,Melisa Reynolds,Chappell Hill,TX,Affiliate
1355,Miracle Erdman,Sidney,NE,Organic
1356,Tressie Boyle,Pierceton,IN,Organic
1357,Orlo Romaguera,Aledo,IL,Organic
1358,Chadd Doyle,Towanda,KS,Twitter
1359,Brett Koepp,New Albany,MS,Affiliate
1363,Toy Osinski,Alexander,IA,Organic
1364,Trevor Smith,Many,LA,Google
1365,Mollie Kozey,Holts Summit,MO,Organic
1366,Carlie Hilll,Ainsworth,NE,Twitter
1367,Bonnie Kemmer,Camden,SC,Twitter
1368,Hugh Konopelski,Pine,CO,Twitter
1369,Rosalee Reinger,Starkweather,ND,Facebook
1370,Emanuel Corwin,Guffey,CO,Twitter
1374,Kory Bosco,McCall,ID,Google
1375,Serena Langosh,Springfield,TN,Organic
1377,Lempi Wyman,Holly Springs,MS,Organic
1378,Magdalen Torp,Howard,PA,Affiliate
1380,Ruthe Hane,Bybee,TN,Facebook
1381,Kiarra O'Kon,Dodge Center,MN,Organic
1382,Carol Feil,Greenville,AL,Twitter
1383,Una Hermann,Bryan,TX,Organic
1387,Linnea Dickens,McGehee,AR,Organic
1388,Ronny Kessler,Seymour,CT,Organic
1389,Henriette O'Connell,Branchville,SC,Organic
1390,Marc Macejkovic,College Corner,OH,Facebook
1391,Mittie Treutel,Palatka,FL,Organic
1392,Pietro Swift,Salinas,CA,Organic
1394,Mayra Hermann,Havre,MT,Facebook
1395,Jude Pacocha,Amherst,VA,Organic
1396,Rupert Ondricka,Laramie,WY,Twitter
1398,Cale Ankunding,Plevna,MT,Affiliate
1401,Wilburn Bernhard,Marion,IA,Facebook
1402,Natalia Herzog,Joshua Tree,CA,Facebook
1405,Leo Toy,Venango,NE,Twitter
1407,Lorna Greenholt,Broadalbin,NY,Google
1408,Lilly Veum,Glennallen,AK,Affiliate
1410,Efren Kshlerin,Park City,KY,Twitter
1411,Lilly Harber,Cochranton,PA,Organic
1414,Delores Kuhlman,Endicott,WA,Google
1415,Anita Frami,Rochester,IN,Twitter
1416,Michel Wilderman,Oakfield,NY,Facebook
1417,Greg Purdy,West Glacier,MT,Facebook
1419,Angelica Towne,Doon,IA,Organic
1420,Leonardo Langworth,Townsend,MT,Google
1421,Cornell Cartwright,Pomeroy,WA,Organic
1422,Sigrid Maggio,Iuka,IL,Organic
1423,Randi Howe,Jasper,TX,Facebook
1424,Rey Schumm,Wilson,KS,Google
1426,Filiberto Armstrong,Omaha,TX,Twitter
1428,Garrick Rolfson,Sardinia,OH,Twitter
1429,Kris Schinner,Coxs Creek,KY,Organic
1430,Reyna Greenholt,Bryan,TX,Organic
1431,Mireya Sporer,Midpines,CA,Organic
1433,Brennon Gerlach,Taylor,TX,Affiliate
1435,Kiara Bayer,Rossville,TN,Organic
1436,Tyrel Runolfsson,Grand Mound,IA,Twitter
1437,Marjolaine Torp,Wynot,NE,Google
1438,Therese Schuppe,Purvis,MS,Organic
1444,Kaleigh Harris,Yuma,AZ,Affiliate
1445,Cleve Crist,Selma,NC,Facebook
1446,Gaetano Rogahn,Mizpah,MN,Twitter
1447,Johathan Sanford,Cascade,MT,Twitter
1448,Deron Cremin,Somerset,CO,Google
1450,Zachariah Bosco,Mission,TX,Facebook
1451,Electa Stehr,Shepherd,MI,Affiliate
1452,Angeline Romaguera,Keswick,VA,Organic
1453,Ted Weber,Richmond,MO,Organic
1454,Arnaldo Rice,Vernon Center,MN,Twitter
1456,Reyna Conroy,Lexington,MI,Twitter
1457,Lydia Schultz,Allegan,MI,Affiliate
1459,Jarrett Emard,Oologah,OK,Twitter
1463,Adolfo Flatley,Prospect Hill,NC,Facebook
1464,Jarrett Huel,Leland,IA,Facebook
1466,Monserrate Hermiston,Telephone,TX,Affiliate
1468,Elvie Parisian,Smithville,WV,Organic
1470,Tanner Walker,Thomson,GA,Affiliate
1471,Edyth Roob,Throckmorton,TX,Affiliate
1472,Charity Blick,Malta Bend,MO,Affiliate
1473,Arvel Lakin,Western,NE,Organic
1474,Dorthy Becker,Pearisburg,VA,Affiliate
1475,Kobe O'Keefe,Bayboro,NC,Twitter
1476,Berneice White,Portales,NM,Google
1479,Colton Kuphal,Edmore,ND,Affiliate
1481,Erna Aufderhar,Livingston,TX,Twitter
1482,Connie Satterfield,Billings,MT,Organic
1483,Breanna Pollich,Bremen,GA,Affiliate
1484,Ellsworth West,Kettle River,MN,Affiliate
1485,Erich Kris,Bokchito,OK,Twitter
1486,Iva Wuckert,Woodville,MS,Organic
1487,Garret Schoen,Clay Center,KS,Organic
1489,Burnice Marks,Circle,MT,Affiliate
1490,Waylon Jaskolski,Gladstone,ND,Facebook
1492,Jameson Grady,Castalia,OH,Affiliate
1495,Dena Schiller,Bostic,NC,Twitter
1497,Jensen Mills,Ochopee,FL,Twitter
1498,Giovani Lesch,Sheridan,WY,Facebook
1499,Lauryn Simonis,Jefferson,CO,Organic
1500,Kadin Mraz,Buchanan,ND,Facebook
1502,Alayna Halvorson,Webster,ND,Facebook
1503,Amy Nolan,Brunson,SC,Twitter
1505,Joany Bartell,Niles,MI,Facebook
1507,Verla Legros,Prineville,OR,Facebook
1508,Danial Kohler,Pittsburg,TX,Google
1509,Henry Rowe,Drumright,OK,Twitter
1510,Evelyn Weissnat,Abbeville,GA,Affiliate
1511,Otis Murazik,Coulterville,CA,Facebook
1512,Kade Heathcote,Kila,MT,Twitter
1513,Hortense Donnelly,Davenport,WA,Google
1516,Sydnie Labadie,Cadiz,KY,Facebook
1517,Clifton Tremblay,Fallon,MT,Organic
1518,Serena Ziemann,Roosevelt,WA,Affiliate
1519,Ashley Price,Emerson,IA,Google
1522,Edmund Adams,Broadalbin,NY,Organic
1523,Mathilde Weissnat,Washington,NC,Facebook
1526,Tyson Stehr,Whitefield,ME,Twitter
1527,Annabell Tremblay,Fisher,MN,Google
1528,Donny Murazik,Winder,GA,Organic
1529,Deontae Brown,Royal Center,IN,Google
1531,Jabari Schimmel,Rapid River,MI,Affiliate
1532,Marquis Fisher,Dickinson,ND,Google
1533,Alexanne Klocko,Bluffs,IL,Google
1534,Chelsie Bergstrom,Buhl,ID,Affiliate
1535,Eleonore Towne,Dillon,CO,Twitter
1536,Reece Kozey,Pickett,WI,Organic
1537,Jessyca Mayert,Spencer,WV,Organic
1538,Blanche Bednar,Juneau,AK,Facebook
1541,Dudley Upton,Owenton,KY,Affiliate
1542,Camille Koepp,Farmersville,TX,Organic
1543,Madelyn Hermann,South Fork,CO,Google
1545,Kendall Dare,Granada,CO,Twitter
1547,Monique Cummerata,Palisades,WA,Facebook
1548,Ethyl Zboncak,Fort Stockton,TX,Organic
1549,Javon Jast,Sutherland,NE,Organic
1555,Reba Howell,Rio Medina,TX,Affiliate
1556,Araceli Bechtelar,Cortez,CO,Facebook
1557,Christy Gutkowski,Vacaville,CA,Facebook
1559,Victoria Weissnat,Clintonville,WI,Facebook
1561,Juliet Hermiston,Wytheville,VA,Google
1562,Alanna Lockman,Winthrop,IA,Affiliate
1563,Bell Waelchi,Spiro,OK,Organic
1569,Winnifred Schinner,Stockton,CA,Affiliate
1570,Andrew Macejkovic,Boonville,NY,Organic
1571,Selina Dach,Pillager,MN,Facebook
1572,Jana McKenzie,Mangham,LA,Affiliate
1573,Porter Lowe,Sardis,AL,Twitter
1574,Tito Metz,Royal City,WA,Twitter
1575,Dylan Kertzmann,Crossville,AL,Affiliate
1577,Omari O'Conner,Hingham,MA,Google
1579,Jena Schoen,Pierson,IA,Facebook
1580,Lindsay Stark,Wetumpka,AL,Twitter
1581,Orval Zieme,Onida,SD,Facebook
1582,Makayla Feest,Patterson,GA,Google
1583,Bernadette Brown,West Harrison,IN,Facebook
1585,Danika White,Ritzville,WA,Affiliate
1586,Bethany Gusikowski,Geraldine,MT,Google
1587,Erick Yost,Orchard Park,NY,Google
1588,Scottie Schmidt,Rocksprings,TX,Google
1589,Rebeka Tromp,Taylor,MS,Affiliate
1590,Tommie Turner,Fairfield,TX,Google
1591,Natasha Abbott,Maple Plain,MN,Organic
1592,Nathan Waters,Burwell,NE,Google
1593,Marquis Roob,Minden,NE,Twitter
1595,Olga Yost,East Berlin,PA,Organic
1596,Lisette Wiza,Ridgway,CO,Affiliate
1597,Tanya Connelly,Dazey,ND,Google
1598,Paxton Glover,Allen,OK,Google
1599,Justina Ullrich,Elbert,CO,Google
1600,Anderson Stoltenberg,Uxbridge,MA,Facebook
1601,Olaf Sipes,Colerain,NC,Google
1602,Abel Russel,White Sulphur Springs,MT,Organic
1603,Lula Rutherford,Whitefish,MT,Twitter
1606,Alden Bednar,Francesville,IN,Google
1608,Edwina VonRueden,Vinton,LA,Affiliate
1610,Heath Dare,Tie Siding,WY,Organic
1611,Nicolas Goyette,Morganton,NC,Organic
1612,Elmer Klocko,Dell City,NM,Organic
1613,Art Doyle,Gunnison,CO,Organic
1614,Sallie Wehner,Nogales,AZ,Affiliate
1615,Sandy Feest,Vernon Center,MN,Google
1616,Fritz Dickens,Hillsdale,WI,Twitter
1617,Dameon Nicolas,Aberdeen,ID,Google
1619,Kacey Jones,Carrizozo,NM,Facebook
1620,Mathias Maggio,Springfield,PA,Facebook
1622,Ceasar Harvey,Bainbridge,OH,Facebook
1623,Cleveland Russel,Towner,ND,Facebook
1624,Kimberly Brakus,Great Falls,MT,Twitter
1625,Demetris Hauck,Harrisburg,PA,Google
1627,Sydnie Connelly,Americus,GA,Google
1628,Orlando Conroy,Johnstown,OH,Google
1629,Consuelo Streich,Silverthorne,CO,Affiliate
1630,Noelia Lynch,Dieterich,IL,Organic
1632,Ephraim Pfannerstill,Mocksville,NC,Organic
1633,Tobin Braun,Chillicothe,OH,Google
1636,Sandra Maggio,San Jose,CA,Facebook
1637,Cecelia Herzog,Pottersville,MO,Google
1638,Mollie Bogan,Statesboro,GA,Google
1640,Kyler Altenwerth,Mer Rouge,LA,Twitter
1641,Gregorio Terry,Philip,SD,Facebook
1642,Merl Steuber,Plainville,KS,Affiliate
1644,Laura Hills,Greentown,PA,Google
1649,Carolyne Leuschke,Andover,OH,Facebook
1650,Lyda Schulist,Ackworth,IA,Organic
1651,Pink Littel,Clay City,KY,Facebook
1652,Arielle Dach,Banner,WY,Affiliate
1653,Roscoe Luettgen,Merrill,WI,Google
1654,Braulio Jacobs,Del Rio,TX,Google
1656,Ruthe Gottlieb,Wibaux,MT,Affiliate
1657,Ivory Ebert,Narvon,PA,Google
1658,Aida Schneider,Dewy Rose,GA,Affiliate
1660,Tyrell Nikolaus,Hammond,NY,Twitter
1662,Clay Pfannerstill,Fort Bridger,WY,Facebook
1664,Leonor Mitchell,Rudyard,MI,Organic
1665,Henriette Hane,Chico,CA,Twitter
1669,Gunner Hodkiewicz,Roundup,MT,Facebook
1670,Lonnie Beier,LaCrosse,WA,Organic
1671,Howell Morissette,Youngstown,FL,Google
1672,Elisa Grady,Chiloquin,OR,Google
1673,Dario Goldner,Argonne,WI,Facebook
1674,Erwin Wilderman,New Brockton,AL,Twitter
1675,Marlin O'Conner,Hazel Green,KY,Facebook
1676,Ramiro Shields,Marlboro Township,NJ,Organic
1678,Donato Padberg,Nelsonville,OH,Organic
1680,Mariano Botsford,Silverthorne,CO,Facebook
1681,Gino Kuhic,Charlotte,IA,Google
1682,Viva Zboncak,Jordan,MT,Affiliate
1683,Margaret Kshlerin,Shohola,PA,Google
1684,Camila Pagac,Plattsburgh,NY,Affiliate
1686,Malvina Effertz,Fort Wayne,IN,Organic
1687,Santa Schimmel,Waynoka,OK,Affiliate
1688,Kenna Walter,Morrisonville,IL,Facebook
1689,Aliya Goodwin,Rocky Mount,NC,Organic
1690,Sterling Feil,Hayward,WI,Twitter
1692,Jennifer Klocko,Olive Branch,MS,Google
1693,Hulda Homenick,Concho,AZ,Twitter
1694,Rosalinda Stamm,Hayward,WI,Facebook
1695,Zena Wolf,Mound City,KS,Facebook
1696,Jacky Jacobs,Palmersville,TN,Organic
1697,Wilfred Schaden,Arbuckle,CA,Organic
1698,Malika Kuphal,Blandford,MA,Organic
1700,Pete Reilly,Mount Eden,KY,Organic
1701,Lupe Konopelski,Sudan,TX,Organic
1702,Eileen Hand,Cato,WI,Organic
1703,Dorris Okuneva,Othello,WA,Twitter
1704,Imani Cruickshank,Stantonsburg,NC,Twitter
1705,Larue Torp,Bakersfield,CA,Facebook
1706,Marley Cronin,Morganton,NC,Facebook
1708,Anika Little,Dawson,AL,Affiliate
1709,Leanna Cremin,Donnellson,IA,Twitter
1710,Emmalee Bruen,Nashua,MT,Organic
1711,Marianna Heaney,Greenville,WV,Organic
1712,Marco Kihn,Saco,MT,Affiliate
1713,Alvena Stehr,Sweet Home,OR,Organic
1714,Nikko Bartoletti,Richland,MO,Organic
1718,Dedrick Strosin,Ninilchik,AK,Google
1721,Faye Denesik,Portland,MI,Facebook
1722,Rex Smitham,Lamar,MS,Facebook
1724,Delmer Ledner,Hastings,MI,Affiliate
1725,Stanley Watsica,Kalona,IA,Organic
1726,Zane Romaguera,Morrison,TN,Twitter
1727,Estefania Goyette,South Mills,NC,Google
1728,Braeden Corwin,Spencer,VA,Affiliate
1729,Cordelia Stokes,Lansford,ND,Organic
1732,Kirsten Reichel,Rochester,IN,Google
1733,Adrianna Larson,Penrose,CO,Twitter
1734,Art Graham,Lenoir,NC,Facebook
1736,Joaquin Franecki,Wheeler,TX,Google
1738,Brandyn Douglas,Linn Creek,MO,Organic
1739,Alexandrine Rosenbaum,Glencoe,MN,Google
1740,Charity Quitzon,Winter Garden,FL,Twitter
1741,Hudson Larkin,Sterling Heights,MI,Affiliate
1742,Antwan Schmeler,Bethel Springs,TN,Google
1743,Darlene Terry,Polk City,FL,Twitter
1745,Elnora Effertz,Hope Hull,AL,Organic
1746,David Hettinger,Fort Pierce,FL,Twitter
1747,Triston Nitzsche,Vicksburg,MS,Facebook
1748,Evans Bins,Chickamauga,GA,Google
1750,Troy Pacocha,Carlyle,IL,Google
1751,Theresia Russel,Corsica,SD,Google
1752,Alaina Howell,Addison,AL,Facebook
1754,Zora Schamberger,Blackstone,VA,Affiliate
1755,Keyon Gleason,Wolf Point,MT,Google
1757,Michael Frami,Mount Olive,NC,Facebook
1758,Adrien VonRueden,Verona,ND,Twitter
1759,Abby Larkin,Hopkinsville,KY,Organic
1760,Isadore Homenick,Dale,TX,Organic
1761,Wilmer Schaefer,Effingham,SC,Google
1762,Francisco Robel,Evant,TX,Google
1764,Billy Harvey,Bear Creek,NC,Google
1766,Ferne Rosenbaum,Coulterville,CA,Facebook
1769,Vesta Lang,McKinleyville,CA,Google
1771,Susanna Will,Sisters,OR,Affiliate
1773,Jasmin West,Ridgeland,WI,Facebook
1774,Nat Hane,Tucson,AZ,Affiliate
1776,Tina Hahn,Campbellsburg,IN,Twitter
1777,Stan Ernser,Goodhue,MN,Twitter
1779,Billie Nolan,Brady,NE,Google
1780,Ubaldo Wolf,Forestburg,TX,Facebook
1781,Nia Schoen,Chetek,WI,Organic
1782,Melyssa Miller,Belleville,NY,Twitter
1784,Mafalda Medhurst,Howell,MI,Google
1785,Joannie Hudson,Lebanon,OH,Organic
1786,Allison Doyle,Bonnerdale,AR,Organic
1788,Mackenzie Ullrich,Meeker,CO,Affiliate
1790,Claudie Dare,Potosi,MO,Facebook
1791,Cyrus Macejkovic,Narrows,VA,Google
1792,Stanley Kuphal,Oakville,IA,Google
1793,Anna Price,Fredericksburg,TX,Facebook
1795,Ollie Corkery,Mescalero,NM,Organic
1797,Julianne Leffler,Wheatland,WY,Google
1798,Paige Lueilwitz,Baldwin,WI,Affiliate
1799,Antonina Morissette,Comfrey,MN,Organic
1800,Freddie Wisoky,Mandan,ND,Affiliate
1805,Alvena Rempel,Jordanville,NY,Google
1806,Melba Witting,Floral,AR,Twitter
1807,Pearline Paucek,Kanab,UT,Affiliate
1808,Dariana Schneider,Horicon,WI,Twitter
1809,Rita Schmeler,Norwood,LA,Organic
1810,Kathleen Bernhard,Council Grove,KS,Affiliate
1811,Jennings Brakus,Imperial,CA,Google
1812,Trevion Raynor,Morrisonville,NY,Organic
1813,Myriam Witting,Grand Ronde,OR,Twitter
1814,Shane Adams,New Creek,WV,Facebook
1815,Ramiro Wehner,Quincy,FL,Google
1816,Peggie Aufderhar,Vida,MT,Google
1817,Winifred Tillman,La Grange,TX,Affiliate
1821,Otto Littel,Shelbyville,IN,Organic
1822,Pearl Kovacek,Tappen,ND,Google
1823,Mabel Ward,Towanda,IL,Affiliate
1825,Wanda Thiel,Hooper Bay,AK,Organic
1827,Savion Langworth,Powers Lake,ND,Facebook
1828,Sydnie Bode,Maryland,NY,Google
1829,Kaitlyn Howe,Wahpeton,ND,Affiliate
1830,Alta Hansen,Union Springs,AL,Google
1831,Electa Barrows,Squaw Valley,CA,Affiliate
1834,Amelie Crist,Maupin,OR,Facebook
1835,Aurore Yundt,Lebanon,PA,Google
1836,Bianka Crona,Lake Cormorant,MS,Affiliate
1838,Maymie Moen,Lynchburg,VA,Affiliate
1839,Nikita Little,Tuskegee,AL,Organic
1840,Maryam Friesen,Red Oak,IA,Affiliate
1841,Harrison Kris,Saint Helena Island,SC,Organic
1842,Candace McKenzie,Mountain Home,TX,Affiliate
1843,Geo Thompson,Falmouth,MI,Facebook
1844,Shaylee Wisoky,Bunker,MO,Twitter
1848,Danyka Kunze,Gould,AR,Affiliate
1849,Eryn Glover,Gunnison,CO,Google
1850,Cristina Goldner,Rosebud,MT,Twitter
1851,Nolan Lebsack,Louise,TX,Affiliate
1852,Joan Langosh,Prescott,AR,Google
1853,Hannah Hodkiewicz,Warren,MN,Twitter
1855,Stevie Ankunding,Watford City,ND,Twitter
1856,Laurie Ortiz,Lumberton,MS,Google
1858,Mariah Brown,Warden,WA,Twitter
1859,Murl Keeling,Bell City,LA,Google
1861,Jana Hilll,Hysham,MT,Twitter
1863,Monserrate Doyle,Snyder,TX,Affiliate
1865,Jerome Koepp,Wolf Point,MT,Affiliate
1867,Alicia Runolfsdottir,Free Soil,MI,Google
1868,Maud Witting,Marshall,VA,Google
1869,Nya Mueller,Eads,CO,Organic
1873,Jazmin Brekke,Flatwoods,KY,Facebook
1874,Christop Schulist,Sutton,ND,Organic
1876,Bertrand Hayes,Park Hills,MO,Google
1877,Alysha Quitzon,Sonora,KY,Google
1878,Herman Ratke,Jonesboro,IL,Twitter
1881,Jalon Brakus,Highlandville,MO,Facebook
1882,Vallie Hamill,Helix,OR,Affiliate
1886,Hailie Walker,Germfask,MI,Twitter
1888,Elinor Douglas,Clewiston,FL,Affiliate
1889,Billy Hickle,Douglas,WY,Facebook
1891,Justyn Nikolaus,Wakefield,NE,Google
1895,Meta Rogahn,Fillmore,NY,Google
1896,Casimer Mitchell,Greensboro,NC,Organic
1897,Berry Hirthe,Seymour,IN,Google
1899,Murl Abbott,Dixon,KY,Affiliate
1901,Martin Greenholt,Denali National Park and Preserve,AK,Affiliate
1902,Jace Kihn,Fallon,MT,Facebook
1903,Arturo Bahringer,Roland,OK,Twitter
1905,Thurman Pouros,Frankston,TX,Affiliate
1906,Price Smith,Albuquerque,NM,Organic
1908,Jadyn Rice,Dysart,PA,Google
1909,Norris Jacobs,Orofino,ID,Facebook
1910,Harvey Nikolaus,Neosho,MO,Affiliate
1911,Talon Kreiger,Bridgeport,CA,Twitter
1912,Loy Gleichner,Liberty,KY,Twitter
1913,Joana Pfeffer,Gordon,GA,Facebook
1914,Lawson Heidenreich,Bowbells,ND,Twitter
1915,Eveline Gibson,Los Cerrillos,NM,Facebook
1920,Viviane Cummerata,Perkinston,MS,Google
1921,Kayli Ziemann,Benton City,WA,Organic
1924,Blaze Daugherty,Pleasanton,TX,Affiliate
1926,Elena Herman,Wayland,MI,Twitter
1928,Dominic Jacobi,Fort Worth,TX,Facebook
1929,Lucile Gutmann,Prague,OK,Affiliate
1930,Lucie Cormier,Valdez,AK,Affiliate
1932,Kenyatta Kshlerin,Mason,TN,Google
1935,Braeden Ryan,Great Falls,MT,Twitter
1936,Geovanni Effertz,Bolckow,MO,Affiliate
1938,Cyril Stamm,Cecil,OH,Facebook
1939,Amya Marquardt,Slocomb,AL,Google
1942,Pink Kuhic,Mott,ND,Twitter
1943,Coleman Keebler,Soap Lake,WA,Facebook
1945,Kyra Schulist,Tifton,GA,Twitter
1946,Logan Thompson,Brethren,MI,Facebook
1947,Earnest Buckridge,Palmer,AK,Organic
1948,Gayle Towne,Concordia,MO,Affiliate
1949,Carley Orn,Endicott,WA,Google
1950,Alek Hickle,Ponchatoula,LA,Twitter
1951,Sienna Glover,Wainwright,AK,Twitter
1952,Eveline Jenkins,Wolfe City,TX,Facebook
1955,Hailie Weimann,London,KY,Affiliate
1957,Lamont Dooley,King City,MO,Google
1958,Bernardo Torphy,Heth,AR,Facebook
1960,Tremayne Price,Lyons,GA,Facebook
1961,Jaylon Stokes,Paris,IL,Affiliate
1962,Ivory Jacobi,Friendship,NY,Google
1964,Elvera Kirlin,Pleasant Plains,AR,Google
1965,Eddie Dibbert,Quinhagak,AK,Google
1967,Brandt Erdman,Kewaunee,WI,Organic
1968,Demetris Tromp,Browning,MT,Affiliate
1969,Freeman Stehr,Oxford,AR,Organic
1970,Clark Luettgen,Athol,KS,Facebook
1972,Kelsie Glover,Colbert,GA,Twitter
1974,Candelario Blick,Damascus,GA,Affiliate
1975,Armani Kulas,Hale,MO,Organic
1976,Bill Pacocha,Anchor Point,AK,Affiliate
1978,Giuseppe Morar,Dexter,NM,Facebook
1980,Geraldine Kiehn,Zapata,TX,Organic
1981,Novella Marks,Meridian,MS,Organic
1982,Javier Tillman,Miles,IA,Organic
1984,Khalil Kiehn,Creede,CO,Affiliate
1985,Noelia Sanford,Barneveld,WI,Facebook
1986,Gino Weber,Onalaska,WI,Twitter
1989,Adrian Lemke,Pittsfield,ME,Affiliate
1990,Elvis Goyette,Ryegate,MT,Google
1991,Lizeth Carter,Logansport,IN,Google
1992,Olen Watsica,Beaufort,SC,Twitter
1995,Jensen Schneider,Lake Wilson,MN,Affiliate
1996,Chasity Raynor,Fallon,NV,Google
1997,Jaden Hansen,Fairbanks,AK,Twitter
1999,Bell Fritsch,Moville,IA,Google
2001,Elza Williamson,Helotes,TX,Facebook
2002,Nadia Vandervort,Forest Grove,MT,Organic
2004,Mark Bayer,Council,ID,Organic
2006,Misty Daugherty,McCrory,AR,Google
2009,Bessie Connelly,Gibbon,NE,Facebook
2011,Elsa Dach,Iron River,WI,Affiliate
2012,Kyler Halvorson,Hysham,MT,Affiliate
2014,Vilma Little,Dupo,IL,Twitter
2016,Alycia McCullough,Shepherdstown,WV,Twitter
2019,Jabari Gleason,Bedford,NH,Facebook
2021,Kellie Price,Lesterville,MO,Facebook
2022,Maryam Watsica,Salem,OR,Twitter
2026,Colin Kunze,Huntingburg,IN,Twitter
2027,Simone Schaefer,Shepherd,MI,Twitter
2028,Janelle O'Hara,Monticello,KY,Google
2030,Joe Terry,Malta,MT,Facebook
2031,Loyal Schiller,Palisade,MN,Google
2034,Brando Yundt,Ashland,AL,Facebook
2035,Brisa Goodwin,Thonotosassa,FL,Organic
2036,Shanny Kuvalis,Plentywood,MT,Organic
2037,Ransom Davis,Earlville,NY,Affiliate
2038,Mario Wisoky,Myrtle Creek,OR,Twitter
2039,Cleta Cassin,Kirtland,OH,Twitter
2040,Meagan Stoltenberg,Ainsworth,NE,Twitter
2041,Maurine Considine,Delbarton,WV,Affiliate
2043,Jason Spencer,Ocala,FL,Facebook
2045,Mack Lakin,Sylvania,GA,Twitter
2046,Kelley Turner,Fairbanks,AK,Twitter
2047,Cyrus Wisozk,Lowville,NY,Affiliate
2049,Blake Will,Xenia,OH,Facebook
2050,Tavares Metz,Depauw,IN,Affiliate
2051,Lonny Mosciski,Albany,MN,Twitter
2052,Henriette Gibson,Centerville,WA,Google
2053,Rosella Bergnaum,Rhinelander,WI,Affiliate
2054,Hilma Wyman,Earlville,IA,Organic
2055,Ila Johnston,Iola,WI,Affiliate
2056,Earline Schmitt,South Boston,VA,Facebook
2057,Nathan Kassulke,Owatonna,MN,Twitter
2058,Else Ankunding,Pine Apple,AL,Twitter
2061,Karelle Hodkiewicz,Henderson,TX,Affiliate
2062,Velva Zemlak,Creston,WA,Twitter
2064,Audra Hudson,Branson,CO,Affiliate
2065,Johnson Abshire,Uhrichsville,OH,Twitter
2066,Ardella Ernser,Butternut,WI,Google
2067,Dana Bartell,Scotland,SD,Twitter
2069,Monte Langworth,Stephen,MN,Facebook
2070,Loren Roob,Baudette,MN,Facebook
2071,Joana Stoltenberg,Boswell,PA,Google
2072,Laisha Conn,Columbia,TN,Twitter
2073,Wilford King,San Tan Valley,AZ,Google
2074,Marquise Crooks,Lake Minchumina,AK,Facebook
2075,Royce Bins,Robinson,ND,Affiliate
2077,Kaya Yundt,Piper City,IL,Organic
2078,Solon Spencer,Grafton,WV,Twitter
2079,Amparo Fadel,Lexington,NE,Facebook
2082,Nels O'Connell,Electra,TX,Twitter
2083,Katharina Glover,Windsor,NC,Google
2084,Prudence Kihn,Imperial,NE,Facebook
2086,Neal Crona,Mosinee,WI,Affiliate
2087,Dawson McGlynn,Moscow,TX,Organic
2088,Donny Terry,Flushing,MI,Google
2091,Joseph Lynch,Kirksville,MO,Twitter
2093,Royal Jast,Nahunta,GA,Affiliate
2094,Brant Klein,Cheney,KS,Twitter
2095,Hillard Price,Hayward,WI,Facebook
2096,Waino Feil,Mountain Home,AR,Twitter
2097,Maeve Bednar,Faith,SD,Affiliate
2098,Desiree Schultz,Bluejacket,OK,Affiliate
2099,Jayden Kris,Medford,WI,Organic
2100,Lila Rosenbaum,Montgomery,TX,Twitter
2101,Jared Tromp,Aurora,NE,Twitter
2102,Garrison Will,Catawba,NC,Google
2103,Brown Davis,Burlington,KS,Facebook
2104,Virgil Schowalter,Dighton,KS,Google
2105,Art McDermott,Hot Springs,NC,Twitter
2107,Leanne Orn,Forest Hill,WV,Twitter
2108,Karson Corwin,Tecumseh,NE,Facebook
2110,Idell Murray,Rosebud,MT,Facebook
2111,Ryan O'Keefe,Bradenton,FL,Affiliate
2112,Alicia Schimmel,Chatom,AL,Google
2113,Archibald Turner,Pikeville,TN,Twitter
2114,Jazmyne Medhurst,Marion,IN,Twitter
2115,Layla Abernathy,Luling,TX,Organic
2116,Grace Smith,Toyah,TX,Facebook
2117,Joanie Goodwin,Menomonie,WI,Affiliate
2118,Odell Stehr,Gordon,NE,Google
2119,Samantha Nolan,East Tawas,MI,Facebook
2121,Orie Sipes,Chambersburg,PA,Twitter
2122,Antwan Grant,Franklin,AL,Affiliate
2123,Nichole Funk,Trinchera,CO,Facebook
2124,Jazlyn Murray,Troy,ID,Google
2125,Stefanie Barton,Macon,IL,Organic
2126,Abraham Kerluke,Terre Haute,IN,Twitter
2127,Stephon Davis,Clayton,LA,Affiliate
2128,Gunner Graham,Rockton,IL,Google
2130,Abdullah Kerluke,Redmond,OR,Google
2132,Mellie Abernathy,Buda,IL,Twitter
2133,Jaquan Treutel,Alto,TX,Google
2135,Mavis Fisher,Colman,SD,Affiliate
2136,Elbert Homenick,Magazine,AR,Twitter
2138,Priscilla Moore,Decatur,MI,Organic
2139,Floyd Jacobson,Corbin,KY,Affiliate
2140,Dalton Larson,Plattsburgh,NY,Organic
2141,Wilhelm Wunsch,Sonnette,MT,Facebook
2144,Jenifer Aufderhar,Blakely Island,WA,Facebook
2146,Gino Johnston,Chatfield,MN,Facebook
2148,Marjory Bogisich,Lone Jack,MO,Organic
2150,Marcelina Kuhn,Chicago,IL,Facebook
2152,Louisa Sauer,Kingsley,MI,Facebook
2153,Leola Marks,Eutawville,SC,Organic
2155,Natalie Rolfson,Cresco,PA,Affiliate
2156,Citlalli Howe,Sheridan,WY,Google
2157,Caitlyn Mraz,Ionia,IA,Organic
2159,Rickey Jerde,Newton Grove,NC,Facebook
2160,Haven Hoeger,Fowler,KS,Facebook
2161,Brody Gottlieb,Wasta,SD,Affiliate
2162,Eldon Crona,Lobelville,TN,Facebook
2164,Cordia Farrell,Raleigh,NC,Organic
2167,Gideon Conn,Elizabethtown,KY,Facebook
2169,Jeffry Schowalter,Golden,CO,Affiliate
2170,Misty Botsford,Colorado Springs,CO,Twitter
2171,Chadd Larson,Guernsey,WY,Twitter
2172,Brooke Rempel,Montpelier,ND,Affiliate
2173,Wilton Senger,Damon,TX,Google
2174,Adele Parker,Florence,MS,Facebook
2175,Bernhard Bailey,Gainesboro,TN,Facebook
2178,Meggie Blick,Kingsbury,TX,Affiliate
2179,Mohammad Weber,Gaffney,SC,Affiliate
2180,Eleanora Kunze,Redgranite,WI,Twitter
2184,Jensen Champlin,Mount Nebo,WV,Facebook
2185,Arely Lubowitz,Shoreham,VT,Twitter
2186,Rosemary Daniel,Oriental,NC,Google
2187,Chris Satterfield,Outlook,MT,Affiliate
2188,Heber Gulgowski,Murrysville,PA,Google
2190,Yesenia Green,Abilene,TX,Facebook
2191,Demetrius Nikolaus,Lumberton,NC,Twitter
2192,Kirstin Bosco,Bonanza,OR,Organic
2194,Walter Mueller,Gaylord,MN,Twitter
2197,Aletha Huels,Davis City,IA,Organic
2199,Dante Harvey,Mediapolis,IA,Twitter
2200,Richmond Adams,Norfolk,VA,Facebook
2201,Cleveland Welch,McMinnville,TN,Affiliate
2203,Micaela Kerluke,Castlewood,SD,Google
2204,Lilliana Larkin,Savanna,IL,Affiliate
2205,Florence Raynor,Remer,MN,Google
2207,Janelle Wolf,Bassett,NE,Google
2208,Jaunita Wehner,Hamburg,AR,Google
2210,Abbey Satterfield,Wapato,WA,Twitter
2212,Braden Rempel,Grover,CO,Affiliate
2213,Cyrus Dach,Hill City,ID,Twitter
2214,Kavon Dach,Red Bay,AL,Organic
2216,Zena Schowalter,Berlin,MD,Affiliate
2217,Green Schimmel,Leeds,ND,Twitter
2218,Nicklaus Langosh,Pickens,MS,Facebook
2219,Kirsten Kihn,Winnsboro,LA,Affiliate
2220,Cedrick Kessler,Meridian,MS,Affiliate
2222,Fabian Heller,Allons,TN,Google
2224,Jaren Leannon,Victoria,TX,Facebook
2225,Nils Gaylord,Chestertown,MD,Facebook
2227,Nelda Rau,Bethlehem,GA,Facebook
2230,Cristian Pouros,Finlayson,MN,Affiliate
2232,Mohammad Swift,Boulder,CO,Organic
2235,Mina Reynolds,Wayland,MA,Organic
2236,Emanuel Schmeler,Colbert,WA,Affiliate
2237,Shawn Fadel,Broken Bow,NE,Facebook
2239,Ethan Hudson,Eureka,SD,Google
2241,Kamryn Eichmann,Gakona,AK,Affiliate
2244,Maxie Rogahn,Big Stone City,SD,Facebook
2245,Rudolph Ankunding,Kankakee,IL,Organic
2246,Paula Reinger,Elberta,AL,Organic
2247,Ettie Gislason,Pleasanton,TX,Facebook
2249,Jayson Flatley,Spokane,WA,Affiliate
2250,Loyce Lemke,Stephenville,TX,Google
2251,Reva Hermann,Fairbanks,AK,Twitter
2252,Adelia Metz,Washburn,ME,Google
2253,Jarvis Rosenbaum,Wellman,IA,Facebook
2254,Kariane Hintz,Bellville,TX,Facebook
2255,Camron Quigley,Flatonia,TX,Facebook
2256,Hayley Heaney,Virgin,UT,Twitter
2257,Jerome Cremin,Mannford,OK,Twitter
2258,Emmanuel Emmerich,Canaan,VT,Twitter
2259,Dedrick Steuber,Gould,AR,Facebook
2260,Reed Dach,Wells Tannery,PA,Twitter
2261,Reid Waelchi,Opelika,AL,Twitter
2263,Clark Schinner,Genoa,CO,Organic
2264,Darrell Fritsch,Kim,CO,Affiliate
2265,Amelie Kunde,Winner,SD,Affiliate
2267,Melisa Hilpert,Salisbury,NC,Twitter
2270,Lola Ritchie,Sumner,IA,Organic
2271,Deontae Hansen,Campbell,MO,Affiliate
2272,Anika Beatty,Dairy,OR,Facebook
2273,Marguerite Pouros,Kingman,AZ,Affiliate
2274,Dorcas Dicki,Stetson,ME,Google
2275,Sabina Green,Butte,MT,Google
2276,Patricia Barrows,McEwen,TN,Twitter
2277,Rachel Gorczany,Old Bridge Township,NJ,Organic
2278,Hertha Price,Minot,ND,Affiliate
2279,Shaylee Lowe,Runnells,IA,Twitter
2280,Reva Carter,Velpen,IN,Twitter
2282,Arlene Dietrich,Warriors Mark,PA,Twitter
2284,Deshaun Leffler,Brunswick,ME,Google
2285,Lempi Gerhold,Burlington,KS,Affiliate
2286,Okey Lueilwitz,Sedalia,MO,Affiliate
2287,Cyril Breitenberg,Trout,LA,Facebook
2289,Alanis Kovacek,Glennallen,AK,Affiliate
2290,Kathlyn Ruecker,Waverly,KS,Google
2292,Carmella Rogahn,Wantage,NJ,Facebook
2293,Chelsey Marvin,Lizella,GA,Affiliate
2294,Cordie Kutch,Damon,TX,Twitter
2295,Gavin Hettinger,Meadville,MO,Twitter
2296,Jamar Heathcote,West Union,IL,Organic
2298,Antoinette Mertz,Turbeville,SC,Organic
2299,Taya Daniel,Happy,TX,Google
2300,Brody Kassulke,Luverne,AL,Affiliate
2304,Janis Renner,Greensboro,AL,Google
2306,Makenna Abshire,Eddyville,IA,Facebook
2307,Bernardo Heathcote,Chillicothe,OH,Affiliate
2309,Andreanne Mayert,Limestone,NY,Twitter
2310,Kristian Kuhic,Arvada,WY,Organic
2311,Karelle Koelpin,Carson,ND,Organic
2314,Easton Koch,Savonburg,KS,Facebook
2316,Hans Kozey,Adena,OH,Twitter
2317,Anderson Morissette,Garfield,AR,Affiliate
2320,Emerald Robel,Taos,NM,Affiliate
2321,Schuyler Baumbach,Mooers Forks,NY,Google
2324,Lysanne Ernser,Miami,FL,Organic
2327,Torrance Kuhic,Conway,SC,Twitter
2328,Kirk Harber,Hornbrook,CA,Organic
2329,Ciara Dooley,Wagarville,AL,Google
2332,Una Williamson,Darby,MT,Facebook
2333,Emmie Beatty,Memphis,TN,Affiliate
2335,Iliana Padberg,Greenbush,MN,Facebook
2336,Richard Harris,De Smet,SD,Google
2337,Keira Gorczany,Big Sandy,MT,Facebook
2339,Bernice Witting,San Antonio,TX,Twitter
2340,Elmo Schimmel,Creston,IA,Facebook
2341,Lauretta Dickinson,Armour,SD,Facebook
2342,Jairo Simonis,Okolona,MS,Organic
2344,Emmet Eichmann,Troy,VA,Google
2345,Marlene Brakus,Circle,MT,Google
2346,Zane Paucek,Owatonna,MN,Google
2347,Margarita Anderson,Clayton,NY,Google
2348,Rollin West,Carpenter,WY,Organic
2349,Laura Batz,Green City,MO,Affiliate
2350,Lucinda Welch,Sherburne,NY,Facebook
2351,Maximillian Mohr,Donalds,SC,Facebook
2352,Graham Kessler,Eden,WI,Affiliate
2353,Ryann Parker,Fulton,MO,Facebook
2355,Modesta Kessler,Urich,MO,Twitter
2356,Alana Roberts,Thedford,NE,Twitter
2357,Emiliano Durgan,Tremonton,UT,Affiliate
2358,Johnathan Kris,Miles City,MT,Organic
2361,Citlalli Brown,Meadow,TX,Twitter
2362,Carson Rogahn,Belle Rose,LA,Google
2363,Alison Klocko,Spartanburg,SC,Organic
2364,Margarete Tillman,Pagosa Springs,CO,Twitter
2365,Syble Langworth,Ridgeway,SC,Affiliate
2366,Sandy Jenkins,Kannapolis,NC,Google
2367,Nyah Considine,Rayville,LA,Affiliate
2371,Benjamin Collier,Carthage,TX,Google
2372,Keith Bradtke,Warren,IN,Organic
2375,Leonor Moore,Ewing,MO,Twitter
2376,Enrico Ferry,Hayfield,MN,Affiliate
2377,Devyn Kuvalis,Quantico,MD,Google
2378,Manuel Feeney,Sicklerville,NJ,Affiliate
2379,Felicity Erdman,Gillett,PA,Twitter
2380,Mathilde Quigley,Winamac,IN,Twitter
2381,Kirsten Brekke,Neshkoro,WI,Affiliate
2382,Annamae Gislason,Woodworth,ND,Affiliate
2384,Verdie Mueller,Isle,MN,Organic
2386,Dortha Bradtke,Richmond,OH,Facebook
2387,America Halvorson,Ashland,VA,Affiliate
2388,Lisette O'Connell,Indiantown,FL,Google
2389,Roderick Aufderhar,Brenham,TX,Google
2390,Ward Swift,Quincy,IL,Organic
2391,Jude Reinger,Agua Dulce,TX,Google
2392,Maud Upton,Kansas,OK,Google
2393,Wilhelm Hintz,Opheim,MT,Facebook
2394,Grace Brown,Timmonsville,SC,Organic
2395,Brennan Olson,Birnamwood,WI,Affiliate
2396,Halie Berge,Silver City,NM,Twitter
2397,Jackeline Hane,Big Timber,MT,Facebook
2399,Janae Bahringer,Midlothian,VA,Affiliate
2400,Rocio Gerhold,Glencoe,NM,Twitter
2404,Werner Koepp,Algona,IA,Affiliate
2405,Lazaro Rodriguez,Shelby,NC,Twitter
2406,Clay Leannon,Gatesville,TX,Affiliate
2408,Blake Jast,Cleveland,TN,Google
2410,Sandrine Herman,Harrisonburg,VA,Affiliate
2411,Tyrel Beatty,Dawson,GA,Affiliate
2412,Ashton Beier,Elizabethtown,NC,Facebook
2413,Twila Turcotte,Lewisburg,TN,Facebook
2414,Dante Lesch,Statesville,NC,Affiliate
2417,Krystal Mills,South Fork,CO,Organic
2418,Brooks Altenwerth,Twin City,GA,Affiliate
2419,Kayden Grady,Abilene,KS,Twitter
2421,Prince Schowalter,Elberton,GA,Organic
2422,Susana Stiedemann,Etna,CA,Organic
2423,Felipe Johnston,Tunkhannock,PA,Google
2424,Mekhi O'Conner,Spencer,VA,Affiliate
2426,Jonas O'Keefe,Superior,MT,Facebook
2428,Magnus Carroll,La Grange,TX,Google
2430,Nestor Hansen,Snowmass,CO,Google
2431,Melissa Mertz,Hereford,TX,Twitter
2432,Clay Johnston,Maynardville,TN,Facebook
2434,Domenico Ritchie,Cash,AR,Facebook
2436,Kayley Powlowski,Saint Helena Island,SC,Twitter
2437,Carmelo Kilback,Cotopaxi,CO,Twitter
2438,Antone Bechtelar,Embarrass,MN,Organic
2440,Wendell Becker,Birch Run,MI,Twitter
2441,Joelle Ullrich,Rapidan,VA,Twitter
2442,Ubaldo Gulgowski,Ukiah,CA,Facebook
2443,Regan Corkery,Aurora,NY,Google
2444,Karley Hermann,Fields,OR,Google
2446,Brendon Hettinger,Pine Bluffs,WY,Facebook
2447,Arne Mayer,Augusta,GA,Affiliate
2448,Alize Keebler,Clayton,IL,Organic
2449,Quinn Metz,Douglas,WY,Affiliate
2450,William Terry,Pingree,ND,Twitter
2451,Brett Rogahn,College Station,TX,Facebook
2453,Rozella Tremblay,Pittsburgh,PA,Facebook
2455,Dana Kozey,Bells,TX,Google
2457,Princess Tillman,Topton,NC,Google
2458,Mazie Nienow,The Dalles,OR,Facebook
2459,Sterling Yundt,Wayne,NE,Facebook
2460,Shad Bernhard,Manitowish Waters,WI,Facebook
2461,Kim Cormier,Waverly,MN,Organic
2462,Dean Anderson,Harrisonville,MO,Twitter
2463,Domenic Keebler,Abilene,TX,Facebook
2464,Eulah Gorczany,Yorktown Heights,NY,Twitter
2466,Jammie Gulgowski,Waynesboro,GA,Organic
2468,Jesus Marquardt,Winchester,VA,Organic
2470,Naomi Waelchi,Wellington,ME,Twitter
2472,Alberto Gulgowski,Magnolia,KY,Affiliate
2473,Boris Boyer,Ashfield,MA,Affiliate
2474,Ubaldo Rath,Rio Rancho,NM,Twitter
2475,Ophelia Herzog,Los Gatos,CA,Google
2476,Madalyn Roob,Ely,MN,Google
2477,Wilhelmine Ullrich,Buda,TX,Organic
2478,Kailyn Leuschke,Forestburg,SD,Twitter
2481,Sasha Nolan,Raleigh,NC,Google
2482,Ruthe Goldner,Chapel Hill,NC,Organic
2484,Adrain Kilback,Armonk,NY,Google
2487,Effie Wolff,Munfordville,KY,Affiliate
2488,Alberta Kutch,Hamden,OH,Facebook
2493,Edyth Emard,Lyons,NE,Twitter
2494,Tamara Pagac,Wessington,SD,Twitter
2495,Alfonzo Monahan,Big Spring,TX,Affiliate
2496,Jettie Yost,Yuma,CO,Affiliate
2497,Sadye Gibson,Lewes,DE,Organic
2498,Verner Hamill,Milford,UT,Affiliate
2499,Cloyd Beer,Spokane,WA,Twitter
2500,Kenny Schmidt,Verona,KY,Google
